C0,P0,P1X,P1Y,P1Z,P2,P3,P4,P5,P6,P7,elapsed_sec,evaluation_sec,machine_identifier,mpi_ranks,threads_per_node,ranks_per_node,libE_id,libE_workers,gpu_enabled,FLOPS
cufft,double,256,256,256,-no-reorder,-a2av,-pencils,-r2c_dir 0,-ingrid 2 2 2,-outgrid 2 2 2,10.191645622253418,8.61609148979187,polarisSlingshot11,8,64,4,2,4,True,-180.11
cufft,float,256,256,256,-no-reorder,-a2av,-slabs,-r2c_dir 1,-ingrid 1 4 2,-outgrid 2 4 1,10.507950782775879,8.930910110473633,polarisSlingshot11,8,64,4,3,4,True,-749.886
cufft,double,256,256,256,-no-reorder,-p2p_pl,-slabs,-r2c_dir 2,-ingrid 2 4 1,-outgrid 1 8 1,9.80432677268982,8.228461265563965,polarisSlingshot11,8,64,4,4,4,True,-579.204
cufft,double,256,256,256,-reorder,-a2a,-pencils,-r2c_dir 2,-ingrid 8 1 1,-outgrid 1 4 2,9.063913345336914,7.488323450088501,polarisSlingshot11,8,64,4,5,4,True,-718.707
cufft,double,256,256,256,-reorder,-a2av,-pencils,-r2c_dir 0,-ingrid 2 2 2,-outgrid 2 4 1,16.12085223197937,6.572773218154907,polarisSlingshot11,8,64,4,5,4,True,-222.213
cufft,float,256,256,256,-reorder,-a2av,-slabs,-r2c_dir 0,-ingrid 1 8 1,-outgrid 2 1 4,17.786487340927124,6.545194625854492,polarisSlingshot11,8,64,4,2,4,True,-1224.75
cufft,double,256,256,256,-reorder,-a2a,-pencils,-r2c_dir 1,-ingrid 1 1 8,-outgrid 4 2 1,20.2118182182312,6.764642238616943,polarisSlingshot11,8,64,4,3,4,True,-764.837
cufft,double,256,256,256,-no-reorder,-p2p_pl,-slabs,-r2c_dir 1,-ingrid 1 1 8,-outgrid 4 1 2,20.214560747146606,6.767610549926758,polarisSlingshot11,8,64,4,4,4,True,-565.165
cufft,float,256,256,256,-no-reorder,-p2p,-slabs,-r2c_dir 2,-ingrid 1 4 2,-outgrid 2 4 1,24.324656009674072,6.73854923248291,polarisSlingshot11,8,64,4,5,4,True,-689.157
cufft,float,256,256,256,-reorder,-a2av,-slabs,-r2c_dir 2,-ingrid 1 2 4,-outgrid 2 2 2,25.969263315200806,6.71145486831665,polarisSlingshot11,8,64,4,2,4,True,-483.548
cufft,float,256,256,256,-reorder,-a2av,-slabs,-r2c_dir 0,-ingrid 8 1 1,-outgrid 8 1 1,28.25961136817932,6.561692476272583,polarisSlingshot11,8,64,4,3,4,True,-619.499
cufft,float,256,256,256,-reorder,-p2p_pl,-slabs,-r2c_dir 0,-ingrid 1 2 4,-outgrid 1 4 2,29.879738330841064,6.704394340515137,polarisSlingshot11,8,64,4,4,4,True,-995.337
cufft,float,256,256,256,-reorder,-a2av,-slabs,-r2c_dir 1,-ingrid 1 1 8,-outgrid 2 4 1,32.95247268676758,7.126885175704956,polarisSlingshot11,8,64,4,5,4,True,-1220.72
cufft,float,256,256,256,-reorder,-p2p,-slabs,-r2c_dir 0,-ingrid 2 2 2,-outgrid 2 1 4,34.46624135971069,6.9915266036987305,polarisSlingshot11,8,64,4,2,4,True,-851.547
cufft,float,256,256,256,-reorder,-a2av,-slabs,-r2c_dir 0,-ingrid 4 1 2,-outgrid 1 1 8,36.85233235359192,7.017666816711426,polarisSlingshot11,8,64,4,3,4,True,-748.923
cufft,float,256,256,256,-reorder,-p2p_pl,-slabs,-r2c_dir 0,-ingrid 4 1 2,-outgrid 1 2 4,39.659188747406006,8.268051147460938,polarisSlingshot11,8,64,4,4,4,True,-818.408
cufft,float,256,256,256,-reorder,-a2av,-slabs,-r2c_dir 1,-ingrid 2 4 1,-outgrid 2 4 1,40.722352504730225,6.244981288909912,polarisSlingshot11,8,64,4,2,4,True,-784.023
cufft,float,256,256,256,-reorder,-a2av,-slabs,-r2c_dir 1,-ingrid 1 1 8,-outgrid 1 8 1,42.652451038360596,6.654417514801025,polarisSlingshot11,8,64,4,5,4,True,-1253.4
cufft,float,256,256,256,-reorder,-p2p_pl,-slabs,-r2c_dir 0,-ingrid 1 1 8,-outgrid 1 8 1,45.03541445732117,6.6514387130737305,polarisSlingshot11,8,64,4,3,4,True,-1536.96
cufft,float,256,256,256,-reorder,-a2a,-slabs,-r2c_dir 0,-ingrid 1 1 8,-outgrid 2 4 1,47.630478382110596,6.437343120574951,polarisSlingshot11,8,64,4,2,4,True,-1117.93
cufft,float,256,256,256,-reorder,-p2p,-slabs,-r2c_dir 0,-ingrid 1 4 2,-outgrid 1 8 1,49.440967321395874,6.702895164489746,polarisSlingshot11,8,64,4,4,4,True,-607.652
cufft,float,256,256,256,-reorder,-a2av,-pencils,-r2c_dir 1,-ingrid 1 1 8,-outgrid 1 8 1,50.96465301513672,6.682907342910767,polarisSlingshot11,8,64,4,5,4,True,-1137.9
cufft,float,256,256,256,-reorder,-p2p_pl,-slabs,-r2c_dir 1,-ingrid 1 1 8,-outgrid 1 8 1,53.25144624710083,6.658000946044922,polarisSlingshot11,8,64,4,3,4,True,-1503.42
cufft,float,256,256,256,-reorder,-a2a,-slabs,-r2c_dir 0,-ingrid 1 1 8,-outgrid 1 8 1,55.817732095718384,6.641009569168091,polarisSlingshot11,8,64,4,2,4,True,-1084.6
cufft,float,256,256,256,-reorder,-p2p_pl,-slabs,-r2c_dir 0,-ingrid 1 1 8,-outgrid 2 4 1,57.62367081642151,6.623699426651001,polarisSlingshot11,8,64,4,4,4,True,-1508.15
cufft,float,256,256,256,-no-reorder,-a2av,-pencils,-r2c_dir 1,-ingrid 1 1 8,-outgrid 1 8 1,59.71270203590393,7.149665594100952,polarisSlingshot11,8,64,4,5,4,True,-1347.46
cufft,float,256,256,256,-reorder,-a2a,-slabs,-r2c_dir 1,-ingrid 1 1 8,-outgrid 1 8 1,61.451475858688354,6.63090968132019,polarisSlingshot11,8,64,4,3,4,True,-1158.42
cufft,float,256,256,256,-reorder,-p2p_pl,-pencils,-r2c_dir 1,-ingrid 1 1 8,-outgrid 1 8 1,64.4380395412445,7.044079303741455,polarisSlingshot11,8,64,4,2,4,True,-1478.05
cufft,double,256,256,256,-reorder,-p2p_pl,-slabs,-r2c_dir 0,-ingrid 1 1 8,-outgrid 1 8 1,66.147536277771,6.943388223648071,polarisSlingshot11,8,64,4,4,4,True,-993.471
cufft,float,256,256,256,-no-reorder,-p2p_pl,-slabs,-r2c_dir 0,-ingrid 1 1 8,-outgrid 1 8 1,68.15687584877014,6.879867076873779,polarisSlingshot11,8,64,4,5,4,True,-1455.86
cufft,float,256,256,256,-reorder,-p2p_pl,-slabs,-r2c_dir 0,-ingrid 1 1 8,-outgrid 1 1 8,69.776447057724,6.702229261398315,polarisSlingshot11,8,64,4,3,4,True,-1023.81
cufft,float,256,256,256,-no-reorder,-p2p_pl,-pencils,-r2c_dir 1,-ingrid 1 1 8,-outgrid 1 8 1,72.67456412315369,6.65559458732605,polarisSlingshot11,8,64,4,2,4,True,-1450.18
cufft,double,256,256,256,-reorder,-p2p_pl,-slabs,-r2c_dir 1,-ingrid 1 1 8,-outgrid 1 8 1,74.436354637146,6.711015701293945,polarisSlingshot11,8,64,4,4,4,True,-941.652
cufft,float,256,256,256,-no-reorder,-p2p_pl,-pencils,-r2c_dir 0,-ingrid 1 1 8,-outgrid 1 8 1,76.40418338775635,6.667548656463623,polarisSlingshot11,8,64,4,5,4,True,-1427.21
cufft,float,256,256,256,-reorder,-p2p_pl,-slabs,-r2c_dir 2,-ingrid 1 1 8,-outgrid 1 8 1,77.9038565158844,6.564164876937866,polarisSlingshot11,8,64,4,3,4,True,-925.013
cufft,float,256,256,256,-no-reorder,-p2p_pl,-slabs,-r2c_dir 1,-ingrid 1 1 8,-outgrid 1 8 1,80.86607193946838,6.616770267486572,polarisSlingshot11,8,64,4,2,4,True,-1475.99
cufft,float,256,256,256,-reorder,-p2p_pl,-pencils,-r2c_dir 0,-ingrid 1 1 8,-outgrid 1 8 1,82.67835688591003,6.6534645557403564,polarisSlingshot11,8,64,4,4,4,True,-1564.8
cufft,float,256,256,256,-no-reorder,-p2p_pl,-pencils,-r2c_dir 0,-ingrid 1 1 8,-outgrid 2 4 1,84.29604840278625,6.318022966384888,polarisSlingshot11,8,64,4,3,4,True,-1439.28
cufft,float,256,256,256,-no-reorder,-p2p,-pencils,-r2c_dir 1,-ingrid 1 1 8,-outgrid 1 8 1,86.21028280258179,6.6630823612213135,polarisSlingshot11,8,64,4,5,4,True,-1269.17
cufft,float,256,256,256,-no-reorder,-p2p_pl,-slabs,-r2c_dir 2,-ingrid 1 1 8,-outgrid 1 8 1,89.03379726409912,6.579107284545898,polarisSlingshot11,8,64,4,2,4,True,-707.542
cufft,double,256,256,256,-no-reorder,-p2p_pl,-pencils,-r2c_dir 0,-ingrid 1 1 8,-outgrid 1 8 1,90.94819641113281,6.681598901748657,polarisSlingshot11,8,64,4,4,4,True,-920.608
cufft,float,256,256,256,-no-reorder,-p2p_pl,-pencils,-r2c_dir 0,-ingrid 1 1 8,-outgrid 1 2 4,92.94490218162537,6.9928412437438965,polarisSlingshot11,8,64,4,3,4,True,-955.046
cufft,float,256,256,256,-reorder,-p2p_pl,-pencils,-r2c_dir 0,-ingrid 1 1 8,-outgrid 2 4 1,94.90903735160828,7.124350070953369,polarisSlingshot11,8,64,4,5,4,True,-1507.22
cufft,float,256,256,256,-no-reorder,-p2p_pl,-pencils,-r2c_dir 2,-ingrid 1 1 8,-outgrid 1 8 1,97.43804907798767,6.808101415634155,polarisSlingshot11,8,64,4,2,4,True,-732.07
cufft,float,256,256,256,-no-reorder,-a2av,-pencils,-r2c_dir 0,-ingrid 1 1 8,-outgrid 1 8 1,99.08381772041321,6.541650295257568,polarisSlingshot11,8,64,4,4,4,True,-1333.3
cufft,float,256,256,256,-reorder,-p2p_pl,-pencils,-r2c_dir 1,-ingrid 1 1 8,-outgrid 1 1 8,101.18031859397888,6.650194883346558,polarisSlingshot11,8,64,4,3,4,True,-1008.4
cufft,float,256,256,256,-reorder,-p2p_pl,-pencils,-r2c_dir 1,-ingrid 1 1 8,-outgrid 2 4 1,103.12428188323975,6.641383647918701,polarisSlingshot11,8,64,4,5,4,True,-1465.47
cufft,float,256,256,256,-no-reorder,-p2p_pl,-slabs,-r2c_dir 0,-ingrid 1 1 8,-outgrid 2 4 1,105.61903309822083,6.603671073913574,polarisSlingshot11,8,64,4,2,4,True,-1460.25
cufft,float,256,256,256,-reorder,-p2p,-pencils,-r2c_dir 0,-ingrid 1 1 8,-outgrid 2 4 1,107.3081066608429,6.655283451080322,polarisSlingshot11,8,64,4,4,4,True,-1114.89
cufft,float,256,256,256,-reorder,-p2p_pl,-pencils,-r2c_dir 0,-ingrid 1 1 8,-outgrid 8 1 1,109.4076669216156,6.627213001251221,polarisSlingshot11,8,64,4,3,4,True,-1343.54
cufft,float,256,256,256,-no-reorder,-p2p_pl,-pencils,-r2c_dir 1,-ingrid 1 1 8,-outgrid 2 4 1,111.38060688972473,6.667338609695435,polarisSlingshot11,8,64,4,5,4,True,-1430.7
cufft,float,256,256,256,-reorder,-p2p_pl,-slabs,-r2c_dir 1,-ingrid 1 1 8,-outgrid 2 4 1,113.77367544174194,6.568530321121216,polarisSlingshot11,8,64,4,2,4,True,-1479.67
cufft,float,256,256,256,-no-reorder,-p2p,-pencils,-r2c_dir 0,-ingrid 1 1 8,-outgrid 2 4 1,115.62004160881042,6.713756799697876,polarisSlingshot11,8,64,4,4,4,True,-1139.71
cufft,float,256,256,256,-reorder,-a2a,-pencils,-r2c_dir 0,-ingrid 1 1 8,-outgrid 2 4 1,117.71500420570374,6.657083034515381,polarisSlingshot11,8,64,4,3,4,True,-1157.6
cufft,float,256,256,256,-reorder,-p2p_pl,-pencils,-r2c_dir 1,-ingrid 1 1 8,-outgrid 8 1 1,120.08887481689453,7.121111631393433,polarisSlingshot11,8,64,4,5,4,True,-1354.63
cufft,float,256,256,256,-no-reorder,-p2p_pl,-pencils,-r2c_dir 2,-ingrid 1 1 8,-outgrid 2 4 1,122.3252067565918,6.967803239822388,polarisSlingshot11,8,64,4,2,4,True,-666.4
cufft,float,256,256,256,-no-reorder,-p2p_pl,-slabs,-r2c_dir 1,-ingrid 1 1 8,-outgrid 2 4 1,124.06035923957825,6.871149301528931,polarisSlingshot11,8,64,4,4,4,True,-1433.83
cufft,float,256,256,256,-no-reorder,-a2av,-pencils,-r2c_dir 1,-ingrid 1 1 8,-outgrid 2 4 1,126.16656851768494,6.87524938583374,polarisSlingshot11,8,64,4,3,4,True,-1328.15
cufft,float,256,256,256,-reorder,-p2p_pl,-slabs,-r2c_dir 1,-ingrid 1 1 8,-outgrid 1 1 8,128.60316491127014,6.932741403579712,polarisSlingshot11,8,64,4,5,4,True,-1001.07
cufft,float,256,256,256,-reorder,-p2p_pl,-pencils,-r2c_dir 1,-ingrid 1 1 8,-outgrid 2 2 2,130.53051495552063,6.622470855712891,polarisSlingshot11,8,64,4,2,4,True,-913.52
cufft,float,256,256,256,-reorder,-p2p_pl,-pencils,-r2c_dir 0,-ingrid 1 1 8,-outgrid 4 1 2,132.32831120491028,6.671732664108276,polarisSlingshot11,8,64,4,4,4,True,-894.901
cufft,double,256,256,256,-reorder,-p2p_pl,-slabs,-r2c_dir 0,-ingrid 1 1 8,-outgrid 2 4 1,134.4432647228241,6.693460464477539,polarisSlingshot11,8,64,4,3,4,True,-954.872
cufft,float,256,256,256,-no-reorder,-p2p_pl,-slabs,-r2c_dir 1,-ingrid 1 1 8,-outgrid 1 4 2,136.85282468795776,6.666192531585693,polarisSlingshot11,8,64,4,5,4,True,-905.225
cufft,float,256,256,256,-reorder,-p2p_pl,-slabs,-r2c_dir 2,-ingrid 1 1 8,-outgrid 2 4 1,138.61581778526306,6.496551036834717,polarisSlingshot11,8,64,4,2,4,True,-750.899
cufft,float,256,256,256,-no-reorder,-a2av,-slabs,-r2c_dir 1,-ingrid 1 1 8,-outgrid 2 4 1,140.57123804092407,6.643315315246582,polarisSlingshot11,8,64,4,4,4,True,-1343.74
cufft,float,256,256,256,-no-reorder,-a2av,-slabs,-r2c_dir 1,-ingrid 1 1 8,-outgrid 1 8 1,142.74051904678345,6.682968378067017,polarisSlingshot11,8,64,4,3,4,True,-1369.15
cufft,float,256,256,256,-no-reorder,-a2a,-slabs,-r2c_dir 1,-ingrid 1 1 8,-outgrid 1 8 1,145.12486577033997,6.659971237182617,polarisSlingshot11,8,64,4,5,4,True,-1205.79
cufft,float,256,256,256,-no-reorder,-p2p,-pencils,-r2c_dir 0,-ingrid 1 1 8,-outgrid 1 8 1,146.8777585029602,6.63633131980896,polarisSlingshot11,8,64,4,2,4,True,-1277.6
cufft,float,256,256,256,-no-reorder,-a2av,-slabs,-r2c_dir 0,-ingrid 1 1 8,-outgrid 2 4 1,148.81303071975708,6.632384300231934,polarisSlingshot11,8,64,4,4,4,True,-1271.99
cufft,float,256,256,256,-no-reorder,-p2p,-pencils,-r2c_dir 1,-ingrid 1 1 8,-outgrid 2 4 1,151.03173208236694,6.68996262550354,polarisSlingshot11,8,64,4,3,4,True,-1272.96
cufft,float,256,256,256,-no-reorder,-a2av,-slabs,-r2c_dir 0,-ingrid 1 1 8,-outgrid 1 8 1,154.05642867088318,7.299036502838135,polarisSlingshot11,8,64,4,5,4,True,-1324.5
cufft,float,256,256,256,-no-reorder,-a2a,-slabs,-r2c_dir 1,-ingrid 1 1 8,-outgrid 2 4 1,155.30635237693787,6.830477714538574,polarisSlingshot11,8,64,4,2,4,True,-1192.92
cufft,float,256,256,256,-no-reorder,-a2av,-pencils,-r2c_dir 0,-ingrid 1 1 8,-outgrid 2 4 1,157.41354060173035,6.941059827804565,polarisSlingshot11,8,64,4,4,4,True,-1275.2
cufft,float,256,256,256,-no-reorder,-a2a,-pencils,-r2c_dir 1,-ingrid 1 1 8,-outgrid 1 8 1,159.25946426391602,6.61801815032959,polarisSlingshot11,8,64,4,3,4,True,-1238.11
cufft,float,256,256,256,-reorder,-a2av,-pencils,-r2c_dir 1,-ingrid 1 1 8,-outgrid 2 4 1,161.9733316898346,6.334878444671631,polarisSlingshot11,8,64,4,2,4,True,-1247.74
cufft,float,256,256,256,-reorder,-a2av,-pencils,-r2c_dir 0,-ingrid 1 1 8,-outgrid 1 8 1,163.864848613739,6.639542102813721,polarisSlingshot11,8,64,4,5,4,True,-1175.1
cufft,float,256,256,256,-reorder,-p2p,-pencils,-r2c_dir 1,-ingrid 1 1 8,-outgrid 1 8 1,165.69588899612427,6.690091371536255,polarisSlingshot11,8,64,4,4,4,True,-1001.78
cufft,float,256,256,256,-no-reorder,-p2p,-slabs,-r2c_dir 1,-ingrid 1 1 8,-outgrid 1 8 1,167.56357431411743,6.718081474304199,polarisSlingshot11,8,64,4,3,4,True,-1277.71
cufft,float,256,256,256,-no-reorder,-p2p,-slabs,-r2c_dir 0,-ingrid 1 1 8,-outgrid 1 8 1,170.2418179512024,6.661923170089722,polarisSlingshot11,8,64,4,2,4,True,-1253.7
cufft,float,256,256,256,-reorder,-p2p,-pencils,-r2c_dir 0,-ingrid 1 1 8,-outgrid 1 8 1,172.12523579597473,6.670739650726318,polarisSlingshot11,8,64,4,5,4,True,-1116.55
cufft,float,256,256,256,-no-reorder,-p2p,-slabs,-r2c_dir 1,-ingrid 1 1 8,-outgrid 2 4 1,173.96788430213928,6.654323577880859,polarisSlingshot11,8,64,4,4,4,True,-1257.63
cufft,float,256,256,256,-no-reorder,-p2p,-pencils,-r2c_dir 1,-ingrid 1 1 8,-outgrid 1 1 8,175.88351154327393,6.725183725357056,polarisSlingshot11,8,64,4,3,4,True,-804.89
cufft,float,256,256,256,-reorder,-p2p,-slabs,-r2c_dir 0,-ingrid 1 1 8,-outgrid 1 8 1,178.41788482666016,6.584673643112183,polarisSlingshot11,8,64,4,2,4,True,-1063.23
cufft,float,256,256,256,-no-reorder,-p2p,-pencils,-r2c_dir 1,-ingrid 1 1 8,-outgrid 2 1 4,180.69248366355896,6.970768928527832,polarisSlingshot11,8,64,4,5,4,True,-852.951
cufft,float,256,256,256,-reorder,-p2p,-pencils,-r2c_dir 1,-ingrid 1 1 8,-outgrid 2 4 1,182.62764167785645,7.079971075057983,polarisSlingshot11,8,64,4,4,4,True,-1128.76
cufft,float,256,256,256,-no-reorder,-p2p,-slabs,-r2c_dir 0,-ingrid 1 1 8,-outgrid 2 4 1,184.54804301261902,7.074859142303467,polarisSlingshot11,8,64,4,3,4,True,-1146.66
cufft,float,256,256,256,-no-reorder,-p2p,-slabs,-r2c_dir 0,-ingrid 1 1 8,-outgrid 4 1 2,187.01091837882996,7.001190900802612,polarisSlingshot11,8,64,4,2,4,True,-707.362
cufft,float,256,256,256,-no-reorder,-p2p_pl,-slabs,-r2c_dir 0,-ingrid 1 1 8,-outgrid 4 1 2,188.95781683921814,6.675784587860107,polarisSlingshot11,8,64,4,5,4,True,-851.772
cufft,float,256,256,256,-no-reorder,-p2p_pl,-slabs,-r2c_dir 0,-ingrid 1 1 8,-outgrid 1 4 2,190.89646410942078,6.672730207443237,polarisSlingshot11,8,64,4,4,4,True,-1047.27
cufft,double,256,256,256,-reorder,-p2p_pl,-pencils,-r2c_dir 1,-ingrid 1 1 8,-outgrid 2 4 1,192.88785767555237,6.746053457260132,polarisSlingshot11,8,64,4,3,4,True,-957.655
cufft,float,256,256,256,-no-reorder,-a2av,-pencils,-r2c_dir 1,-ingrid 1 1 8,-outgrid 4 2 1,195.27172565460205,6.651535987854004,polarisSlingshot11,8,64,4,2,4,True,-1259.86
cufft,float,256,256,256,-no-reorder,-a2av,-slabs,-r2c_dir 1,-ingrid 1 1 8,-outgrid 2 1 4,197.31509351730347,6.743391752243042,polarisSlingshot11,8,64,4,5,4,True,-900.876
cufft,float,256,256,256,-reorder,-a2av,-slabs,-r2c_dir 0,-ingrid 1 1 8,-outgrid 2 4 1,199.1247911453247,6.617864370346069,polarisSlingshot11,8,64,4,4,4,True,-1239.03
cufft,double,256,256,256,-no-reorder,-a2av,-pencils,-r2c_dir 0,-ingrid 1 1 8,-outgrid 2 4 1,201.21581554412842,6.721207618713379,polarisSlingshot11,8,64,4,3,4,True,-862.619
cufft,float,256,256,256,-reorder,-a2av,-pencils,-r2c_dir 0,-ingrid 1 1 8,-outgrid 2 4 1,203.45826745033264,6.5752434730529785,polarisSlingshot11,8,64,4,2,4,True,-1219.05
cufft,float,256,256,256,-no-reorder,-a2av,-pencils,-r2c_dir 0,-ingrid 1 1 8,-outgrid 8 1 1,205.62708187103271,6.700099468231201,polarisSlingshot11,8,64,4,5,4,True,-602.324
cufft,float,256,256,256,-no-reorder,-a2av,-pencils,-r2c_dir 0,-ingrid 1 1 8,-outgrid 2 1 4,207.47190403938293,6.742310523986816,polarisSlingshot11,8,64,4,4,4,True,-827.517
cufft,float,256,256,256,-no-reorder,-a2a,-pencils,-r2c_dir 0,-ingrid 1 1 8,-outgrid 1 8 1,209.4732801914215,6.66007661819458,polarisSlingshot11,8,64,4,3,4,True,-1251.96
cufft,float,256,256,256,-no-reorder,-a2a,-slabs,-r2c_dir 0,-ingrid 1 1 8,-outgrid 1 8 1,211.67507100105286,6.620999336242676,polarisSlingshot11,8,64,4,2,4,True,-1203.55
cufft,float,256,256,256,-no-reorder,-a2a,-pencils,-r2c_dir 1,-ingrid 1 1 8,-outgrid 2 4 1,214.4647901058197,7.2056732177734375,polarisSlingshot11,8,64,4,5,4,True,-1206.11
cufft,float,256,256,256,-no-reorder,-a2a,-slabs,-r2c_dir 0,-ingrid 1 1 8,-outgrid 2 4 1,215.9593482017517,6.8907411098480225,polarisSlingshot11,8,64,4,4,4,True,-1161.79
cufft,float,256,256,256,-reorder,-a2a,-pencils,-r2c_dir 1,-ingrid 1 1 8,-outgrid 2 4 1,217.98424744606018,6.918663263320923,polarisSlingshot11,8,64,4,3,4,True,-1159.14
cufft,float,256,256,256,-reorder,-a2a,-slabs,-r2c_dir 1,-ingrid 1 1 8,-outgrid 2 4 1,219.92615365982056,6.6493895053863525,polarisSlingshot11,8,64,4,2,4,True,-1113.69
cufft,float,256,256,256,-no-reorder,-a2a,-pencils,-r2c_dir 1,-ingrid 1 1 8,-outgrid 8 1 1,222.46286821365356,6.383609056472778,polarisSlingshot11,8,64,4,4,4,True,-1062.99
cufft,float,256,256,256,-reorder,-a2a,-pencils,-r2c_dir 1,-ingrid 1 1 8,-outgrid 1 8 1,224.36712408065796,6.687236547470093,polarisSlingshot11,8,64,4,5,4,True,-1033.63
cufft,float,256,256,256,-no-reorder,-a2a,-slabs,-r2c_dir 1,-ingrid 1 1 8,-outgrid 2 2 2,226.3358142375946,6.749785661697388,polarisSlingshot11,8,64,4,3,4,True,-640.179
cufft,float,256,256,256,-reorder,-a2a,-pencils,-r2c_dir 0,-ingrid 1 1 8,-outgrid 1 8 1,228.13830947875977,6.6102964878082275,polarisSlingshot11,8,64,4,2,4,True,-1086.81
cufft,float,256,256,256,-reorder,-p2p_pl,-pencils,-r2c_dir 0,-ingrid 1 1 8,-outgrid 2 2 2,230.76003050804138,6.691222906112671,polarisSlingshot11,8,64,4,4,4,True,-1041.81
cufft,float,256,256,256,-reorder,-p2p_pl,-pencils,-r2c_dir 0,-ingrid 1 1 8,-outgrid 4 2 1,232.6649250984192,6.674104452133179,polarisSlingshot11,8,64,4,5,4,True,-1465.84
cufft,float,256,256,256,-reorder,-p2p_pl,-pencils,-r2c_dir 0,-ingrid 1 1 8,-outgrid 1 2 4,234.60777068138123,6.669355869293213,polarisSlingshot11,8,64,4,3,4,True,-1040.34
cufft,float,256,256,256,-reorder,-a2av,-slabs,-r2c_dir 0,-ingrid 1 1 8,-outgrid 8 1 1,236.33404660224915,6.585817098617554,polarisSlingshot11,8,64,4,2,4,True,-1186.64
cufft,double,256,256,256,-no-reorder,-p2p_pl,-pencils,-r2c_dir 1,-ingrid 1 1 8,-outgrid 2 4 1,239.05578565597534,6.682459831237793,polarisSlingshot11,8,64,4,4,4,True,-952.261
cufft,float,256,256,256,-reorder,-p2p_pl,-pencils,-r2c_dir 0,-ingrid 1 1 8,-outgrid 2 1 4,241.16491603851318,6.881290912628174,polarisSlingshot11,8,64,4,5,4,True,-961.993
cufft,float,256,256,256,-no-reorder,-p2p_pl,-pencils,-r2c_dir 0,-ingrid 1 1 8,-outgrid 8 1 1,243.15218591690063,6.921947956085205,polarisSlingshot11,8,64,4,3,4,True,-678.826
cufft,float,256,256,256,-reorder,-p2p_pl,-slabs,-r2c_dir 0,-ingrid 1 1 8,-outgrid 8 1 1,244.9140269756317,6.968954801559448,polarisSlingshot11,8,64,4,2,4,True,-1389.15
cufft,float,256,256,256,-reorder,-a2av,-pencils,-r2c_dir 0,-ingrid 1 1 8,-outgrid 8 1 1,247.58580446243286,6.923394680023193,polarisSlingshot11,8,64,4,4,4,True,-1095.67
cufft,float,256,256,256,-reorder,-p2p_pl,-slabs,-r2c_dir 1,-ingrid 1 1 8,-outgrid 8 1 1,249.41933703422546,6.651710510253906,polarisSlingshot11,8,64,4,5,4,True,-1375.0
cufft,double,256,256,256,-reorder,-p2p_pl,-pencils,-r2c_dir 0,-ingrid 1 1 8,-outgrid 8 1 1,251.48516631126404,6.725926160812378,polarisSlingshot11,8,64,4,3,4,True,-910.71
cufft,float,256,256,256,-reorder,-a2a,-slabs,-r2c_dir 0,-ingrid 1 1 8,-outgrid 8 1 1,253.15391087532043,6.627350807189941,polarisSlingshot11,8,64,4,2,4,True,-1037.47
cufft,float,256,256,256,-reorder,-p2p,-pencils,-r2c_dir 1,-ingrid 1 1 8,-outgrid 8 1 1,255.8722379207611,6.674789190292358,polarisSlingshot11,8,64,4,4,4,True,-987.353
cufft,float,256,256,256,-no-reorder,-p2p_pl,-slabs,-r2c_dir 1,-ingrid 1 1 8,-outgrid 8 1 1,257.7566108703613,6.723371267318726,polarisSlingshot11,8,64,4,5,4,True,-1393.17
cufft,double,256,256,256,-reorder,-p2p_pl,-slabs,-r2c_dir 1,-ingrid 1 1 8,-outgrid 8 1 1,259.88790822029114,6.791647434234619,polarisSlingshot11,8,64,4,3,4,True,-901.477
cufft,float,256,256,256,-reorder,-a2av,-slabs,-r2c_dir 1,-ingrid 1 1 8,-outgrid 8 1 1,261.3945722579956,6.622964382171631,polarisSlingshot11,8,64,4,2,4,True,-1111.01
cufft,float,256,256,256,-reorder,-p2p,-slabs,-r2c_dir 0,-ingrid 1 1 8,-outgrid 8 1 1,264.10520243644714,6.607385635375977,polarisSlingshot11,8,64,4,4,4,True,-1101.92
cufft,float,256,256,256,-no-reorder,-p2p_pl,-slabs,-r2c_dir 0,-ingrid 1 1 8,-outgrid 8 1 1,266.0203151702881,6.647730588912964,polarisSlingshot11,8,64,4,5,4,True,-1248.22
cufft,float,256,256,256,-reorder,-a2av,-pencils,-r2c_dir 1,-ingrid 1 1 8,-outgrid 8 1 1,267.83826875686646,6.3403215408325195,polarisSlingshot11,8,64,4,2,4,True,-1089.24
cufft,float,256,256,256,-no-reorder,-p2p_pl,-pencils,-r2c_dir 1,-ingrid 1 1 8,-outgrid 8 1 1,269.80704975128174,6.711043119430542,polarisSlingshot11,8,64,4,3,4,True,-1415.14
cufft,float,256,256,256,-reorder,-a2a,-pencils,-r2c_dir 1,-ingrid 1 1 8,-outgrid 8 1 1,272.8316969871521,7.113066911697388,polarisSlingshot11,8,64,4,4,4,True,-1031.39
cufft,float,256,256,256,-reorder,-p2p,-slabs,-r2c_dir 1,-ingrid 1 1 8,-outgrid 8 1 1,274.6163935661316,6.974407196044922,polarisSlingshot11,8,64,4,5,4,True,-1000.87
cufft,float,256,256,256,-reorder,-a2a,-slabs,-r2c_dir 1,-ingrid 1 1 8,-outgrid 8 1 1,276.6654009819031,7.204969882965088,polarisSlingshot11,8,64,4,2,4,True,-1023.65
cufft,float,256,256,256,-no-reorder,-a2av,-slabs,-r2c_dir 1,-ingrid 1 1 8,-outgrid 8 1 1,278.3795266151428,6.958658933639526,polarisSlingshot11,8,64,4,3,4,True,-1152.31
cufft,float,256,256,256,-no-reorder,-a2av,-slabs,-r2c_dir 1,-ingrid 1 1 8,-outgrid 1 2 4,281.14463090896606,6.689966917037964,polarisSlingshot11,8,64,4,4,4,True,-888.636
cufft,float,256,256,256,-reorder,-a2av,-slabs,-r2c_dir 0,-ingrid 1 1 8,-outgrid 1 2 4,282.97626066207886,6.7387847900390625,polarisSlingshot11,8,64,4,5,4,True,-832.0
cufft,float,256,256,256,-reorder,-p2p_pl,-pencils,-r2c_dir 1,-ingrid 1 1 8,-outgrid 1 2 4,284.8985803127289,6.611232280731201,polarisSlingshot11,8,64,4,2,4,True,-964.409
cufft,float,256,256,256,-reorder,-p2p_pl,-pencils,-r2c_dir 1,-ingrid 1 1 8,-outgrid 4 2 1,286.63525438308716,6.6457839012146,polarisSlingshot11,8,64,4,3,4,True,-1431.85
cufft,float,256,256,256,-reorder,-a2av,-pencils,-r2c_dir 0,-ingrid 1 1 8,-outgrid 4 2 1,289.3871808052063,6.624373912811279,polarisSlingshot11,8,64,4,4,4,True,-1232.47
cufft,float,256,256,256,-reorder,-p2p_pl,-slabs,-r2c_dir 0,-ingrid 1 1 8,-outgrid 4 2 1,291.2089822292328,6.632415056228638,polarisSlingshot11,8,64,4,5,4,True,-1484.86
cufft,float,256,256,256,-no-reorder,-p2p_pl,-pencils,-r2c_dir 0,-ingrid 1 1 8,-outgrid 4 2 1,293.14170241355896,6.62785530090332,polarisSlingshot11,8,64,4,2,4,True,-1419.01
cufft,float,256,256,256,-no-reorder,-p2p_pl,-pencils,-r2c_dir 1,-ingrid 1 1 8,-outgrid 4 2 1,294.965350151062,6.705554962158203,polarisSlingshot11,8,64,4,3,4,True,-1436.59
cufft,float,256,256,256,-reorder,-a2av,-pencils,-r2c_dir 1,-ingrid 1 1 8,-outgrid 4 2 1,297.6518933773041,6.649848222732544,polarisSlingshot11,8,64,4,4,4,True,-1187.18
cufft,float,256,256,256,-reorder,-p2p_pl,-slabs,-r2c_dir 1,-ingrid 1 1 8,-outgrid 4 2 1,299.94448161125183,7.138390064239502,polarisSlingshot11,8,64,4,5,4,True,-1440.95
cufft,float,256,256,256,-no-reorder,-p2p_pl,-slabs,-r2c_dir 0,-ingrid 1 1 8,-outgrid 4 2 1,301.3428418636322,6.593850135803223,polarisSlingshot11,8,64,4,2,4,True,-1423.8
cufft,float,256,256,256,-reorder,-a2a,-pencils,-r2c_dir 0,-ingrid 1 1 8,-outgrid 4 2 1,303.46469283103943,6.88669490814209,polarisSlingshot11,8,64,4,3,4,True,-1136.89
cufft,float,256,256,256,-reorder,-p2p,-pencils,-r2c_dir 0,-ingrid 1 1 8,-outgrid 4 2 1,306.1251928806305,6.8504087924957275,polarisSlingshot11,8,64,4,4,4,True,-1096.28
cufft,float,256,256,256,-no-reorder,-p2p_pl,-slabs,-r2c_dir 1,-ingrid 1 1 8,-outgrid 4 2 1,308.1110670566559,6.551009893417358,polarisSlingshot11,8,64,4,2,4,True,-1416.26
cufft,float,256,256,256,-no-reorder,-a2av,-pencils,-r2c_dir 0,-ingrid 1 1 8,-outgrid 4 2 1,309.83660411834717,6.667539358139038,polarisSlingshot11,8,64,4,5,4,True,-1152.13
cufft,float,256,256,256,-reorder,-a2av,-slabs,-r2c_dir 0,-ingrid 1 1 8,-outgrid 4 2 1,311.74062037467957,6.657789468765259,polarisSlingshot11,8,64,4,3,4,True,-1232.91
cufft,float,256,256,256,-reorder,-a2a,-slabs,-r2c_dir 0,-ingrid 1 1 8,-outgrid 4 2 1,314.3881492614746,6.64178204536438,polarisSlingshot11,8,64,4,4,4,True,-1122.67
cufft,float,256,256,256,-reorder,-a2av,-slabs,-r2c_dir 1,-ingrid 1 1 8,-outgrid 4 2 1,316.33795523643494,6.597689628601074,polarisSlingshot11,8,64,4,2,4,True,-1211.36
cufft,float,256,256,256,-reorder,-a2a,-pencils,-r2c_dir 1,-ingrid 1 1 8,-outgrid 4 2 1,318.1480746269226,6.691781282424927,polarisSlingshot11,8,64,4,5,4,True,-1092.66
cufft,float,256,256,256,-no-reorder,-a2av,-slabs,-r2c_dir 1,-ingrid 1 1 8,-outgrid 4 2 1,320.04015040397644,6.6781840324401855,polarisSlingshot11,8,64,4,3,4,True,-1254.27
cufft,float,256,256,256,-reorder,-p2p,-slabs,-r2c_dir 0,-ingrid 1 1 8,-outgrid 4 2 1,322.6632471084595,6.658693790435791,polarisSlingshot11,8,64,4,4,4,True,-1108.84
cufft,float,256,256,256,-no-reorder,-a2av,-slabs,-r2c_dir 0,-ingrid 1 1 8,-outgrid 4 2 1,324.54815101623535,6.590496301651001,polarisSlingshot11,8,64,4,2,4,True,-1137.12
cufft,float,256,256,256,-reorder,-p2p,-slabs,-r2c_dir 1,-ingrid 1 1 8,-outgrid 4 2 1,326.4607241153717,6.678079605102539,polarisSlingshot11,8,64,4,5,4,True,-1081.57
cufft,float,256,256,256,-no-reorder,-a2a,-slabs,-r2c_dir 0,-ingrid 1 1 8,-outgrid 4 2 1,328.34936451911926,6.682861804962158,polarisSlingshot11,8,64,4,3,4,True,-1073.26
cufft,float,256,256,256,-reorder,-a2a,-slabs,-r2c_dir 1,-ingrid 1 1 8,-outgrid 4 2 1,330.93263387680054,6.64450478553772,polarisSlingshot11,8,64,4,4,4,True,-1092.52
cufft,float,256,256,256,-no-reorder,-p2p,-pencils,-r2c_dir 1,-ingrid 1 1 8,-outgrid 4 2 1,333.09460043907166,6.928227663040161,polarisSlingshot11,8,64,4,2,4,True,-1138.09
cufft,float,256,256,256,-no-reorder,-p2p,-slabs,-r2c_dir 0,-ingrid 1 1 8,-outgrid 4 2 1,335.10869455337524,7.013865947723389,polarisSlingshot11,8,64,4,5,4,True,-989.313
cufft,float,256,256,256,-reorder,-p2p_pl,-pencils,-r2c_dir 2,-ingrid 1 1 8,-outgrid 4 2 1,337.08444476127625,7.101640462875366,polarisSlingshot11,8,64,4,3,4,True,-728.065
cufft,float,256,256,256,-reorder,-p2p,-pencils,-r2c_dir 1,-ingrid 1 1 8,-outgrid 4 2 1,339.1196150779724,6.568753004074097,polarisSlingshot11,8,64,4,4,4,True,-1090.08
cufft,float,256,256,256,-no-reorder,-p2p,-slabs,-r2c_dir 1,-ingrid 1 1 8,-outgrid 4 2 1,341.3554503917694,6.626086711883545,polarisSlingshot11,8,64,4,2,4,True,-1205.47
cufft,float,256,256,256,-reorder,-p2p_pl,-pencils,-r2c_dir 0,-ingrid 1 2 4,-outgrid 1 8 1,343.31499433517456,6.598545789718628,polarisSlingshot11,8,64,4,5,4,True,-1362.8
cufft,float,256,256,256,-no-reorder,-p2p,-pencils,-r2c_dir 0,-ingrid 1 1 8,-outgrid 4 2 1,345.4115951061249,6.713755369186401,polarisSlingshot11,8,64,4,3,4,True,-1052.64
cufft,double,256,256,256,-no-reorder,-p2p,-pencils,-r2c_dir 0,-ingrid 1 1 8,-outgrid 4 2 1,347.43230652809143,6.713780641555786,polarisSlingshot11,8,64,4,4,4,True,-735.829
cufft,float,256,256,256,-no-reorder,-a2a,-pencils,-r2c_dir 1,-ingrid 1 1 8,-outgrid 4 2 1,349.5826723575592,6.605090379714966,polarisSlingshot11,8,64,4,2,4,True,-1143.72
cufft,float,256,256,256,-reorder,-p2p_pl,-pencils,-r2c_dir 0,-ingrid 4 2 1,-outgrid 1 8 1,351.5413336753845,6.57393217086792,polarisSlingshot11,8,64,4,5,4,True,-840.241
cufft,float,256,256,256,-reorder,-p2p_pl,-pencils,-r2c_dir 1,-ingrid 1 2 4,-outgrid 1 8 1,353.57136392593384,6.530498504638672,polarisSlingshot11,8,64,4,3,4,True,-1281.42
cufft,float,256,256,256,-no-reorder,-a2a,-slabs,-r2c_dir 1,-ingrid 1 1 8,-outgrid 4 2 1,355.7887303829193,6.717691898345947,polarisSlingshot11,8,64,4,4,4,True,-1163.37
cufft,float,256,256,256,-no-reorder,-p2p_pl,-pencils,-r2c_dir 0,-ingrid 1 2 4,-outgrid 4 2 1,357.7542610168457,6.542541265487671,polarisSlingshot11,8,64,4,2,4,True,-1159.22
cufft,float,256,256,256,-no-reorder,-a2a,-pencils,-r2c_dir 0,-ingrid 1 1 8,-outgrid 4 2 1,360.04094672203064,6.86574387550354,polarisSlingshot11,8,64,4,5,4,True,-1045.78
cufft,float,256,256,256,-reorder,-p2p_pl,-pencils,-r2c_dir 1,-ingrid 1 2 4,-outgrid 2 4 1,361.77499318122864,6.569647789001465,polarisSlingshot11,8,64,4,3,4,True,-1211.07
cufft,float,256,256,256,-reorder,-p2p_pl,-pencils,-r2c_dir 2,-ingrid 1 2 4,-outgrid 1 8 1,364.3991322517395,6.973372220993042,polarisSlingshot11,8,64,4,4,4,True,-856.159
cufft,float,256,256,256,-no-reorder,-p2p_pl,-pencils,-r2c_dir 0,-ingrid 1 2 4,-outgrid 1 8 1,366.3258798122406,6.922677755355835,polarisSlingshot11,8,64,4,2,4,True,-1096.15
cufft,float,256,256,256,-reorder,-p2p_pl,-pencils,-r2c_dir 0,-ingrid 1 2 4,-outgrid 4 2 1,368.4509131908417,6.770337820053101,polarisSlingshot11,8,64,4,5,4,True,-1382.43
cufft,float,256,256,256,-reorder,-p2p_pl,-pencils,-r2c_dir 1,-ingrid 1 2 4,-outgrid 4 2 1,370.0004711151123,6.585895538330078,polarisSlingshot11,8,64,4,3,4,True,-1182.62
cufft,float,256,256,256,-reorder,-p2p_pl,-pencils,-r2c_dir 1,-ingrid 1 2 4,-outgrid 8 1 1,372.6818675994873,6.6373443603515625,polarisSlingshot11,8,64,4,4,4,True,-1108.21
cufft,float,256,256,256,-no-reorder,-p2p_pl,-pencils,-r2c_dir 1,-ingrid 1 2 4,-outgrid 1 8 1,374.5105450153351,6.534879446029663,polarisSlingshot11,8,64,4,2,4,True,-1082.41
cufft,float,256,256,256,-no-reorder,-p2p_pl,-pencils,-r2c_dir 0,-ingrid 1 2 4,-outgrid 2 4 1,376.39553713798523,6.310577869415283,polarisSlingshot11,8,64,4,3,4,True,-1232.12
cufft,float,256,256,256,-reorder,-p2p_pl,-slabs,-r2c_dir 1,-ingrid 1 2 4,-outgrid 4 2 1,378.3559889793396,6.625141143798828,polarisSlingshot11,8,64,4,5,4,True,-1291.3
cufft,float,256,256,256,-reorder,-p2p_pl,-pencils,-r2c_dir 0,-ingrid 1 2 4,-outgrid 2 4 1,380.8717215061188,6.541545867919922,polarisSlingshot11,8,64,4,4,4,True,-1547.63
cufft,float,256,256,256,-reorder,-p2p_pl,-pencils,-r2c_dir 0,-ingrid 1 2 4,-outgrid 8 1 1,382.7642168998718,6.59492826461792,polarisSlingshot11,8,64,4,2,4,True,-1329.02
cufft,float,256,256,256,-reorder,-p2p_pl,-pencils,-r2c_dir 0,-ingrid 4 2 1,-outgrid 4 2 1,384.65209794044495,6.5918450355529785,polarisSlingshot11,8,64,4,3,4,True,-770.264
cufft,float,256,256,256,-no-reorder,-p2p,-pencils,-r2c_dir 0,-ingrid 1 2 4,-outgrid 4 2 1,386.60064578056335,6.570255517959595,polarisSlingshot11,8,64,4,5,4,True,-973.901
cufft,float,256,256,256,-reorder,-p2p_pl,-slabs,-r2c_dir 0,-ingrid 1 2 4,-outgrid 2 4 1,389.12706089019775,6.583270311355591,polarisSlingshot11,8,64,4,4,4,True,-968.972
cufft,float,256,256,256,-no-reorder,-p2p_pl,-pencils,-r2c_dir 1,-ingrid 1 2 4,-outgrid 2 4 1,391.0222713947296,6.581332683563232,polarisSlingshot11,8,64,4,2,4,True,-1014.27
cufft,float,256,256,256,-reorder,-p2p_pl,-pencils,-r2c_dir 0,-ingrid 4 1 2,-outgrid 2 4 1,393.0641779899597,6.754192590713501,polarisSlingshot11,8,64,4,3,4,True,-978.594
cufft,float,256,256,256,-reorder,-a2a,-pencils,-r2c_dir 0,-ingrid 1 2 4,-outgrid 2 4 1,395.1600773334503,6.878443241119385,polarisSlingshot11,8,64,4,5,4,True,-1296.25
cufft,float,256,256,256,-no-reorder,-p2p_pl,-slabs,-r2c_dir 0,-ingrid 1 2 4,-outgrid 2 4 1,397.70764112472534,6.924191951751709,polarisSlingshot11,8,64,4,4,4,True,-538.359
cufft,double,256,256,256,-reorder,-p2p_pl,-pencils,-r2c_dir 0,-ingrid 1 2 4,-outgrid 1 2 4,399.3415153026581,6.6528778076171875,polarisSlingshot11,8,64,4,2,4,True,-475.807
cufft,float,256,256,256,-reorder,-p2p_pl,-pencils,-r2c_dir 0,-ingrid 1 2 4,-outgrid 2 2 2,401.3041112422943,6.577682018280029,polarisSlingshot11,8,64,4,3,4,True,-944.442
cufft,float,256,256,256,-reorder,-p2p_pl,-pencils,-r2c_dir 0,-ingrid 1 2 4,-outgrid 2 1 4,403.4443860054016,6.601398706436157,polarisSlingshot11,8,64,4,5,4,True,-1028.96
cufft,float,256,256,256,-reorder,-p2p_pl,-pencils,-r2c_dir 0,-ingrid 1 2 4,-outgrid 1 1 8,405.6943950653076,6.304178476333618,polarisSlingshot11,8,64,4,2,4,True,-1072.43
cufft,float,256,256,256,-reorder,-p2p_pl,-pencils,-r2c_dir 1,-ingrid 1 2 4,-outgrid 1 4 2,407.6161870956421,6.549933195114136,polarisSlingshot11,8,64,4,4,4,True,-939.571
cufft,float,256,256,256,-reorder,-a2av,-pencils,-r2c_dir 0,-ingrid 1 2 4,-outgrid 2 4 1,409.6478703022003,6.676639795303345,polarisSlingshot11,8,64,4,3,4,True,-666.506
cufft,float,256,256,256,-reorder,-p2p,-pencils,-r2c_dir 0,-ingrid 1 2 4,-outgrid 2 4 1,411.7101631164551,6.595179796218872,polarisSlingshot11,8,64,4,5,4,True,-1329.69
cufft,float,256,256,256,-no-reorder,-p2p_pl,-pencils,-r2c_dir 1,-ingrid 1 2 4,-outgrid 4 2 1,413.84582448005676,6.475470066070557,polarisSlingshot11,8,64,4,2,4,True,-1013.3
cufft,float,256,256,256,-no-reorder,-p2p_pl,-slabs,-r2c_dir 1,-ingrid 1 2 4,-outgrid 4 2 1,415.9114508628845,6.597311973571777,polarisSlingshot11,8,64,4,4,4,True,-1277.4
cufft,float,256,256,256,-no-reorder,-p2p_pl,-pencils,-r2c_dir 1,-ingrid 1 2 4,-outgrid 8 1 1,417.9433708190918,6.581280946731567,polarisSlingshot11,8,64,4,3,4,True,-975.162
cufft,float,256,256,256,-reorder,-p2p,-pencils,-r2c_dir 1,-ingrid 1 2 4,-outgrid 2 4 1,420.3170545101166,6.89544677734375,polarisSlingshot11,8,64,4,5,4,True,-1047.68
cufft,float,256,256,256,-no-reorder,-p2p,-pencils,-r2c_dir 0,-ingrid 1 2 4,-outgrid 2 4 1,422.48097681999207,6.990548610687256,polarisSlingshot11,8,64,4,2,4,True,-1136.48
