C0,P0,P1X,P1Y,P1Z,P2,P3,P4,P5,P6,P7,elapsed_sec,evaluation_sec,machine_identifier,mpi_ranks,threads_per_node,ranks_per_node,libE_id,libE_workers,gpu_enabled,FLOPS
cufft,double,64,64,64,-no-reorder,-a2av,-pencils,-r2c_dir 0,-ingrid 2 2 2,-outgrid 2 2 2,8.239675760269165,6.663249254226685,polarisSlingshot11,8,64,4,2,4,True,-29.3986
cufft,double,64,64,64,-reorder,-a2a,-pencils,-r2c_dir 2,-ingrid 8 1 1,-outgrid 1 4 2,8.639107465744019,7.063442945480347,polarisSlingshot11,8,64,4,5,4,True,-38.5066
cufft,float,64,64,64,-no-reorder,-a2av,-slabs,-r2c_dir 1,-ingrid 1 4 2,-outgrid 2 4 1,8.849003076553345,7.27349066734314,polarisSlingshot11,8,64,4,3,4,True,-64.1297
cufft,double,64,64,64,-reorder,-a2av,-pencils,-r2c_dir 0,-ingrid 2 2 2,-outgrid 2 4 1,14.854345321655273,6.139657020568848,polarisSlingshot11,8,64,4,2,4,True,-35.5533
cufft,float,64,64,64,-reorder,-a2av,-slabs,-r2c_dir 0,-ingrid 1 8 1,-outgrid 2 1 4,16.521912574768066,6.120150089263916,polarisSlingshot11,8,64,4,3,4,True,-92.9837
cufft,double,64,64,64,-reorder,-a2a,-pencils,-r2c_dir 1,-ingrid 1 1 8,-outgrid 4 2 1,18.729798078536987,6.086649417877197,polarisSlingshot11,8,64,4,4,4,True,-38.5449
cufft,double,64,64,64,-no-reorder,-p2p_pl,-slabs,-r2c_dir 1,-ingrid 1 1 8,-outgrid 4 1 2,18.875795602798462,6.23267126083374,polarisSlingshot11,8,64,4,5,4,True,-32.7149
cufft,float,64,64,64,-no-reorder,-a2av,-pencils,-r2c_dir 1,-ingrid 1 2 4,-outgrid 4 1 2,22.843479871749878,6.538189172744751,polarisSlingshot11,8,64,4,2,4,True,-43.3433
cufft,float,64,64,64,-reorder,-a2av,-slabs,-r2c_dir 0,-ingrid 1 4 2,-outgrid 4 2 1,24.374409198760986,6.127833604812622,polarisSlingshot11,8,64,4,3,4,True,-72.0307
cufft,float,64,64,64,-reorder,-a2av,-slabs,-r2c_dir 0,-ingrid 8 1 1,-outgrid 8 1 1,26.564180850982666,6.114660024642944,polarisSlingshot11,8,64,4,4,4,True,-49.5544
cufft,float,64,64,64,-reorder,-a2av,-slabs,-r2c_dir 1,-ingrid 1 1 8,-outgrid 2 4 1,28.76327633857727,6.577391147613525,polarisSlingshot11,8,64,4,5,4,True,-91.3297
cufft,float,64,64,64,-no-reorder,-a2av,-slabs,-r2c_dir 0,-ingrid 1 2 4,-outgrid 2 4 1,31.109224319458008,6.769638776779175,polarisSlingshot11,8,64,4,2,4,True,-32.1391
cufft,float,64,64,64,-reorder,-p2p_pl,-slabs,-r2c_dir 0,-ingrid 2 4 1,-outgrid 1 2 4,32.42453479766846,6.536187171936035,polarisSlingshot11,8,64,4,3,4,True,-43.5939
cufft,float,64,64,64,-reorder,-a2av,-slabs,-r2c_dir 0,-ingrid 2 2 2,-outgrid 2 2 2,34.20595979690552,6.1317667961120605,polarisSlingshot11,8,64,4,4,4,True,-57.8217
cufft,float,64,64,64,-reorder,-a2av,-slabs,-r2c_dir 1,-ingrid 1 1 8,-outgrid 2 2 2,36.43609690666199,6.157055139541626,polarisSlingshot11,8,64,4,5,4,True,-77.3322
cufft,float,64,64,64,-reorder,-a2av,-slabs,-r2c_dir 0,-ingrid 2 1 4,-outgrid 2 4 1,39.035494327545166,6.415198802947998,polarisSlingshot11,8,64,4,2,4,True,-63.3995
cufft,float,64,64,64,-reorder,-a2av,-slabs,-r2c_dir 0,-ingrid 1 1 8,-outgrid 1 2 4,40.31557512283325,6.11127781867981,polarisSlingshot11,8,64,4,3,4,True,-67.3505
cufft,float,64,64,64,-reorder,-a2av,-slabs,-r2c_dir 1,-ingrid 4 1 2,-outgrid 2 4 1,41.890639305114746,6.154518365859985,polarisSlingshot11,8,64,4,4,4,True,-68.3019
cufft,float,64,64,64,-reorder,-p2p,-slabs,-r2c_dir 1,-ingrid 1 1 8,-outgrid 2 4 1,44.097376585006714,6.132977724075317,polarisSlingshot11,8,64,4,5,4,True,-75.3183
cufft,float,64,64,64,-reorder,-a2av,-slabs,-r2c_dir 1,-ingrid 1 1 8,-outgrid 1 4 2,46.944438457489014,6.383691787719727,polarisSlingshot11,8,64,4,2,4,True,-67.0359
cufft,float,64,64,64,-reorder,-a2av,-slabs,-r2c_dir 2,-ingrid 1 1 8,-outgrid 2 4 1,48.24502444267273,6.158461809158325,polarisSlingshot11,8,64,4,3,4,True,-44.8124
cufft,float,64,64,64,-reorder,-a2av,-slabs,-r2c_dir 1,-ingrid 1 1 8,-outgrid 4 2 1,49.76203989982605,6.141257286071777,polarisSlingshot11,8,64,4,4,4,True,-91.1714
cufft,float,64,64,64,-reorder,-a2a,-slabs,-r2c_dir 1,-ingrid 1 1 8,-outgrid 2 4 1,51.78239917755127,6.132755994796753,polarisSlingshot11,8,64,4,5,4,True,-100.211
cufft,float,64,64,64,-reorder,-a2av,-pencils,-r2c_dir 1,-ingrid 1 1 8,-outgrid 2 4 1,54.88457632064819,6.387273788452148,polarisSlingshot11,8,64,4,2,4,True,-80.5473
cufft,float,64,64,64,-reorder,-a2av,-slabs,-r2c_dir 1,-ingrid 1 1 8,-outgrid 1 2 4,56.25587320327759,6.208003520965576,polarisSlingshot11,8,64,4,3,4,True,-69.2886
cufft,float,64,64,64,-reorder,-a2av,-slabs,-r2c_dir 1,-ingrid 1 1 8,-outgrid 4 1 2,58.127846479415894,6.5190370082855225,polarisSlingshot11,8,64,4,4,4,True,-68.7258
cufft,float,64,64,64,-reorder,-p2p_pl,-slabs,-r2c_dir 1,-ingrid 1 1 8,-outgrid 2 4 1,59.86355757713318,6.518932580947876,polarisSlingshot11,8,64,4,5,4,True,-87.7543
cufft,float,64,64,64,-reorder,-p2p,-pencils,-r2c_dir 1,-ingrid 1 1 8,-outgrid 2 4 1,63.2429416179657,6.796895980834961,polarisSlingshot11,8,64,4,2,4,True,-68.3198
cufft,float,64,64,64,-no-reorder,-a2a,-slabs,-r2c_dir 1,-ingrid 1 1 8,-outgrid 2 4 1,64.13662886619568,6.131828546524048,polarisSlingshot11,8,64,4,3,4,True,-94.3708
cufft,float,64,64,64,-reorder,-a2a,-slabs,-r2c_dir 1,-ingrid 8 1 1,-outgrid 2 4 1,65.80691909790039,6.119457960128784,polarisSlingshot11,8,64,4,4,4,True,-71.4033
cufft,float,64,64,64,-reorder,-p2p,-slabs,-r2c_dir 2,-ingrid 1 1 8,-outgrid 2 4 1,67.60283660888672,6.164728879928589,polarisSlingshot11,8,64,4,5,4,True,-34.1588
cufft,float,64,64,64,-reorder,-a2a,-pencils,-r2c_dir 1,-ingrid 1 1 8,-outgrid 2 4 1,71.15164041519165,6.34038782119751,polarisSlingshot11,8,64,4,2,4,True,-82.3747
cufft,float,64,64,64,-no-reorder,-p2p,-slabs,-r2c_dir 1,-ingrid 1 1 8,-outgrid 2 4 1,72.56901359558105,6.177592515945435,polarisSlingshot11,8,64,4,3,4,True,-69.3638
cufft,float,64,64,64,-reorder,-a2a,-slabs,-r2c_dir 1,-ingrid 4 1 2,-outgrid 2 4 1,74.09073448181152,6.117171764373779,polarisSlingshot11,8,64,4,4,4,True,-79.7377
cufft,float,64,64,64,-reorder,-a2a,-slabs,-r2c_dir 1,-ingrid 1 1 8,-outgrid 1 8 1,75.75679779052734,6.1422834396362305,polarisSlingshot11,8,64,4,5,4,True,-103.862
cufft,float,64,64,64,-reorder,-p2p_pl,-pencils,-r2c_dir 1,-ingrid 1 1 8,-outgrid 2 4 1,79.08775568008423,6.353659152984619,polarisSlingshot11,8,64,4,2,4,True,-84.5055
cufft,float,64,64,64,-no-reorder,-a2a,-pencils,-r2c_dir 1,-ingrid 1 1 8,-outgrid 2 4 1,80.48916006088257,6.174651622772217,polarisSlingshot11,8,64,4,3,4,True,-98.6131
cufft,float,64,64,64,-reorder,-a2a,-slabs,-r2c_dir 1,-ingrid 2 4 1,-outgrid 2 4 1,82.01867461204529,6.11135721206665,polarisSlingshot11,8,64,4,4,4,True,-64.5595
cufft,float,64,64,64,-reorder,-a2a,-slabs,-r2c_dir 1,-ingrid 1 1 8,-outgrid 2 1 4,83.60408616065979,6.105141639709473,polarisSlingshot11,8,64,4,5,4,True,-76.5021
cufft,float,64,64,64,-reorder,-a2a,-slabs,-r2c_dir 1,-ingrid 1 1 8,-outgrid 8 1 1,87.46707081794739,6.795213937759399,polarisSlingshot11,8,64,4,2,4,True,-81.0252
cufft,float,64,64,64,-reorder,-a2a,-slabs,-r2c_dir 1,-ingrid 4 2 1,-outgrid 2 4 1,88.7913088798523,6.534518003463745,polarisSlingshot11,8,64,4,3,4,True,-60.5948
cufft,float,64,64,64,-reorder,-a2a,-pencils,-r2c_dir 1,-ingrid 1 1 8,-outgrid 2 1 4,90.37425398826599,6.527713298797607,polarisSlingshot11,8,64,4,4,4,True,-72.874
cufft,float,64,64,64,-reorder,-a2a,-slabs,-r2c_dir 1,-ingrid 1 1 8,-outgrid 1 1 8,91.99200129508972,6.557003498077393,polarisSlingshot11,8,64,4,5,4,True,-63.5161
cufft,float,64,64,64,-no-reorder,-a2a,-slabs,-r2c_dir 1,-ingrid 1 1 8,-outgrid 8 1 1,95.60393452644348,6.556469917297363,polarisSlingshot11,8,64,4,2,4,True,-72.403
cufft,float,64,64,64,-reorder,-a2a,-slabs,-r2c_dir 1,-ingrid 1 1 8,-outgrid 1 4 2,96.78394055366516,6.1560938358306885,polarisSlingshot11,8,64,4,3,4,True,-34.0074
cufft,float,64,64,64,-reorder,-a2a,-slabs,-r2c_dir 1,-ingrid 1 1 8,-outgrid 2 2 2,98.31970548629761,6.1079936027526855,polarisSlingshot11,8,64,4,4,4,True,-78.0229
cufft,float,64,64,64,-no-reorder,-p2p_pl,-slabs,-r2c_dir 1,-ingrid 1 1 8,-outgrid 2 4 1,100.08539009094238,6.269618511199951,polarisSlingshot11,8,64,4,5,4,True,-87.9211
cufft,float,64,64,64,-reorder,-a2a,-slabs,-r2c_dir 1,-ingrid 1 1 8,-outgrid 1 2 4,103.72321248054504,6.507573366165161,polarisSlingshot11,8,64,4,2,4,True,-52.773
cufft,float,64,64,64,-no-reorder,-a2av,-slabs,-r2c_dir 1,-ingrid 1 1 8,-outgrid 2 4 1,104.95869421958923,6.142991781234741,polarisSlingshot11,8,64,4,3,4,True,-87.4883
cufft,float,64,64,64,-no-reorder,-a2a,-slabs,-r2c_dir 1,-ingrid 1 1 8,-outgrid 2 1 4,106.57145595550537,6.159029722213745,polarisSlingshot11,8,64,4,4,4,True,-74.6867
cufft,float,64,64,64,-no-reorder,-a2av,-pencils,-r2c_dir 1,-ingrid 1 1 8,-outgrid 2 4 1,108.15130114555359,6.140456914901733,polarisSlingshot11,8,64,4,5,4,True,-87.9026
cufft,float,64,64,64,-no-reorder,-a2a,-slabs,-r2c_dir 1,-ingrid 4 2 1,-outgrid 2 4 1,111.8317642211914,6.510330677032471,polarisSlingshot11,8,64,4,2,4,True,-42.3571
cufft,float,64,64,64,-no-reorder,-p2p_pl,-pencils,-r2c_dir 1,-ingrid 1 1 8,-outgrid 2 4 1,113.10942339897156,6.122885227203369,polarisSlingshot11,8,64,4,3,4,True,-84.9878
cufft,double,64,64,64,-no-reorder,-a2a,-slabs,-r2c_dir 1,-ingrid 1 1 8,-outgrid 2 4 1,114.7664270401001,6.174684524536133,polarisSlingshot11,8,64,4,4,4,True,-38.2174
cufft,float,64,64,64,-no-reorder,-p2p,-pencils,-r2c_dir 1,-ingrid 1 1 8,-outgrid 2 4 1,116.34056067466736,6.147495985031128,polarisSlingshot11,8,64,4,5,4,True,-72.434
cufft,float,64,64,64,-no-reorder,-a2a,-pencils,-r2c_dir 0,-ingrid 1 1 8,-outgrid 2 4 1,120.35952258110046,6.915270566940308,polarisSlingshot11,8,64,4,2,4,True,-70.6428
cufft,float,64,64,64,-no-reorder,-p2p_pl,-pencils,-r2c_dir 1,-ingrid 1 1 8,-outgrid 4 2 1,121.63074278831482,6.581023693084717,polarisSlingshot11,8,64,4,3,4,True,-86.8227
cufft,float,64,64,64,-reorder,-p2p,-slabs,-r2c_dir 1,-ingrid 1 1 8,-outgrid 2 1 4,123.18636775016785,6.52131724357605,polarisSlingshot11,8,64,4,4,4,True,-54.9495
cufft,float,64,64,64,-no-reorder,-a2a,-pencils,-r2c_dir 1,-ingrid 1 1 8,-outgrid 2 1 4,124.42219495773315,6.140780448913574,polarisSlingshot11,8,64,4,5,4,True,-73.4418
cufft,float,64,64,64,-reorder,-a2av,-slabs,-r2c_dir 1,-ingrid 1 1 8,-outgrid 2 1 4,128.3229808807373,6.351174354553223,polarisSlingshot11,8,64,4,2,4,True,-57.92
cufft,float,64,64,64,-no-reorder,-p2p_pl,-pencils,-r2c_dir 1,-ingrid 1 1 8,-outgrid 1 8 1,129.77411317825317,6.198586940765381,polarisSlingshot11,8,64,4,3,4,True,-87.1003
cufft,float,64,64,64,-reorder,-p2p_pl,-pencils,-r2c_dir 1,-ingrid 1 1 8,-outgrid 4 2 1,131.28648591041565,6.093581676483154,polarisSlingshot11,8,64,4,4,4,True,-90.789
cufft,float,64,64,64,-no-reorder,-a2av,-pencils,-r2c_dir 1,-ingrid 1 1 8,-outgrid 4 2 1,132.95971870422363,6.12449836730957,polarisSlingshot11,8,64,4,5,4,True,-87.0432
cufft,float,64,64,64,-reorder,-a2a,-slabs,-r2c_dir 1,-ingrid 1 1 8,-outgrid 4 2 1,136.48729848861694,6.536702394485474,polarisSlingshot11,8,64,4,2,4,True,-73.5987
cufft,float,64,64,64,-no-reorder,-p2p_pl,-slabs,-r2c_dir 1,-ingrid 1 1 8,-outgrid 4 2 1,137.75121235847473,6.175479888916016,polarisSlingshot11,8,64,4,3,4,True,-90.5098
cufft,float,64,64,64,-reorder,-p2p_pl,-pencils,-r2c_dir 1,-ingrid 4 1 2,-outgrid 4 2 1,139.28327655792236,6.096616983413696,polarisSlingshot11,8,64,4,4,4,True,-87.3182
cufft,float,64,64,64,-reorder,-a2av,-pencils,-r2c_dir 1,-ingrid 1 1 8,-outgrid 4 2 1,140.94739413261414,6.124260425567627,polarisSlingshot11,8,64,4,5,4,True,-91.0761
cufft,float,64,64,64,-reorder,-a2a,-pencils,-r2c_dir 1,-ingrid 1 1 8,-outgrid 4 2 1,144.4718017578125,6.365991592407227,polarisSlingshot11,8,64,4,2,4,True,-73.1524
cufft,float,64,64,64,-reorder,-p2p_pl,-slabs,-r2c_dir 1,-ingrid 1 1 8,-outgrid 4 2 1,145.85458254814148,6.136951446533203,polarisSlingshot11,8,64,4,3,4,True,-94.5028
cufft,float,64,64,64,-reorder,-p2p_pl,-pencils,-r2c_dir 1,-ingrid 1 2 4,-outgrid 4 2 1,147.81781816482544,6.473276853561401,polarisSlingshot11,8,64,4,4,4,True,-88.3167
cufft,float,64,64,64,-no-reorder,-p2p,-pencils,-r2c_dir 1,-ingrid 1 1 8,-outgrid 4 2 1,149.50895237922668,6.538066148757935,polarisSlingshot11,8,64,4,5,4,True,-71.6201
cufft,float,64,64,64,-no-reorder,-p2p_pl,-slabs,-r2c_dir 1,-ingrid 1 1 8,-outgrid 2 2 2,152.86340475082397,6.696122407913208,polarisSlingshot11,8,64,4,2,4,True,-69.9881
cufft,float,64,64,64,-no-reorder,-p2p_pl,-pencils,-r2c_dir 1,-ingrid 1 1 8,-outgrid 1 1 8,154.11643314361572,6.310812711715698,polarisSlingshot11,8,64,4,3,4,True,-51.5519
cufft,float,64,64,64,-no-reorder,-p2p_pl,-pencils,-r2c_dir 1,-ingrid 4 1 2,-outgrid 4 2 1,155.57844042778015,6.122628927230835,polarisSlingshot11,8,64,4,4,4,True,-56.6393
cufft,float,64,64,64,-reorder,-p2p_pl,-pencils,-r2c_dir 1,-ingrid 1 1 8,-outgrid 1 1 8,157.2815706729889,6.1312761306762695,polarisSlingshot11,8,64,4,5,4,True,-51.604
cufft,float,64,64,64,-no-reorder,-p2p_pl,-pencils,-r2c_dir 0,-ingrid 1 1 8,-outgrid 4 2 1,160.82321667671204,6.322794437408447,polarisSlingshot11,8,64,4,2,4,True,-63.4887
cufft,float,64,64,64,-reorder,-p2p_pl,-pencils,-r2c_dir 1,-ingrid 2 4 1,-outgrid 4 2 1,162.23885822296143,6.120388984680176,polarisSlingshot11,8,64,4,3,4,True,-77.5325
cufft,float,64,64,64,-reorder,-p2p_pl,-pencils,-r2c_dir 1,-ingrid 1 4 2,-outgrid 4 2 1,163.87033414840698,6.127848386764526,polarisSlingshot11,8,64,4,4,4,True,-73.1571
cufft,float,64,64,64,-reorder,-p2p_pl,-slabs,-r2c_dir 1,-ingrid 1 2 4,-outgrid 4 2 1,165.52327752113342,6.158740758895874,polarisSlingshot11,8,64,4,5,4,True,-74.5389
cufft,float,64,64,64,-reorder,-p2p_pl,-slabs,-r2c_dir 1,-ingrid 1 8 1,-outgrid 4 2 1,168.811208486557,6.356551647186279,polarisSlingshot11,8,64,4,2,4,True,-37.7505
cufft,float,64,64,64,-reorder,-p2p_pl,-pencils,-r2c_dir 1,-ingrid 2 1 4,-outgrid 4 2 1,170.13914561271667,6.0585432052612305,polarisSlingshot11,8,64,4,3,4,True,-109.774
cufft,float,64,64,64,-reorder,-p2p_pl,-pencils,-r2c_dir 1,-ingrid 8 1 1,-outgrid 4 2 1,171.85063099861145,6.14510440826416,polarisSlingshot11,8,64,4,4,4,True,-62.7359
cufft,float,64,64,64,-reorder,-p2p_pl,-pencils,-r2c_dir 1,-ingrid 4 1 2,-outgrid 1 2 4,173.38803958892822,6.056236982345581,polarisSlingshot11,8,64,4,5,4,True,-120.025
cufft,float,64,64,64,-reorder,-p2p_pl,-pencils,-r2c_dir 1,-ingrid 2 2 2,-outgrid 4 2 1,177.05080723762512,6.6160149574279785,polarisSlingshot11,8,64,4,2,4,True,-77.3633
cufft,float,64,64,64,-reorder,-p2p_pl,-pencils,-r2c_dir 1,-ingrid 1 8 1,-outgrid 4 2 1,178.6437885761261,6.534406423568726,polarisSlingshot11,8,64,4,3,4,True,-59.8497
cufft,float,64,64,64,-reorder,-p2p_pl,-pencils,-r2c_dir 1,-ingrid 4 2 1,-outgrid 4 2 1,180.45056819915771,6.517564058303833,polarisSlingshot11,8,64,4,4,4,True,-71.0832
cufft,float,64,64,64,-reorder,-p2p_pl,-pencils,-r2c_dir 1,-ingrid 4 1 2,-outgrid 2 2 2,182.27476406097412,6.477113962173462,polarisSlingshot11,8,64,4,5,4,True,-80.3373
cufft,float,64,64,64,-reorder,-p2p_pl,-pencils,-r2c_dir 1,-ingrid 4 1 2,-outgrid 4 1 2,185.16787004470825,6.494459390640259,polarisSlingshot11,8,64,4,2,4,True,-56.8056
cufft,float,64,64,64,-reorder,-p2p_pl,-pencils,-r2c_dir 1,-ingrid 4 1 2,-outgrid 2 1 4,186.70018243789673,6.157561779022217,polarisSlingshot11,8,64,4,3,4,True,-68.2844
cufft,float,64,64,64,-reorder,-p2p_pl,-pencils,-r2c_dir 1,-ingrid 4 1 2,-outgrid 1 4 2,188.4155032634735,6.012202501296997,polarisSlingshot11,8,64,4,4,4,True,-113.361
cufft,float,64,64,64,-reorder,-p2p_pl,-pencils,-r2c_dir 1,-ingrid 4 1 2,-outgrid 8 1 1,190.42121481895447,6.1467061042785645,polarisSlingshot11,8,64,4,5,4,True,-64.4615
cufft,float,64,64,64,-reorder,-p2p,-pencils,-r2c_dir 1,-ingrid 4 1 2,-outgrid 1 2 4,193.03980779647827,6.225238561630249,polarisSlingshot11,8,64,4,2,4,True,-84.7164
cufft,float,64,64,64,-reorder,-p2p_pl,-pencils,-r2c_dir 1,-ingrid 4 1 2,-outgrid 1 8 1,194.81438970565796,6.127864599227905,polarisSlingshot11,8,64,4,3,4,True,-90.7993
cufft,float,64,64,64,-reorder,-a2av,-pencils,-r2c_dir 1,-ingrid 4 1 2,-outgrid 1 2 4,196.58283495903015,6.017754793167114,polarisSlingshot11,8,64,4,4,4,True,-110.931
cufft,float,64,64,64,-reorder,-p2p_pl,-pencils,-r2c_dir 1,-ingrid 4 1 2,-outgrid 1 1 8,198.33473992347717,6.094770193099976,polarisSlingshot11,8,64,4,5,4,True,-84.0711
cufft,float,64,64,64,-reorder,-a2a,-pencils,-r2c_dir 1,-ingrid 4 1 2,-outgrid 1 2 4,201.1781575679779,6.492942810058594,polarisSlingshot11,8,64,4,2,4,True,-87.373
cufft,float,64,64,64,-reorder,-p2p_pl,-slabs,-r2c_dir 1,-ingrid 4 1 2,-outgrid 1 2 4,202.79162192344666,6.106406927108765,polarisSlingshot11,8,64,4,3,4,True,-64.2809
cufft,float,64,64,64,-no-reorder,-p2p_pl,-pencils,-r2c_dir 1,-ingrid 4 1 2,-outgrid 1 2 4,204.58636093139648,6.035538911819458,polarisSlingshot11,8,64,4,4,4,True,-68.9967
cufft,float,64,64,64,-reorder,-p2p_pl,-pencils,-r2c_dir 1,-ingrid 1 4 2,-outgrid 1 2 4,206.56754088401794,6.140506982803345,polarisSlingshot11,8,64,4,5,4,True,-65.4469
cufft,float,64,64,64,-reorder,-p2p_pl,-pencils,-r2c_dir 1,-ingrid 1 8 1,-outgrid 1 2 4,209.70382070541382,6.881605386734009,polarisSlingshot11,8,64,4,2,4,True,-40.6604
cufft,float,64,64,64,-no-reorder,-a2a,-pencils,-r2c_dir 1,-ingrid 4 1 2,-outgrid 1 2 4,210.9267189502716,6.449836492538452,polarisSlingshot11,8,64,4,3,4,True,-56.7394
cufft,float,64,64,64,-no-reorder,-p2p,-pencils,-r2c_dir 1,-ingrid 4 1 2,-outgrid 1 2 4,212.72262907028198,6.488661527633667,polarisSlingshot11,8,64,4,4,4,True,-58.4718
cufft,float,64,64,64,-reorder,-a2av,-pencils,-r2c_dir 1,-ingrid 8 1 1,-outgrid 1 2 4,214.37354826927185,6.129152059555054,polarisSlingshot11,8,64,4,5,4,True,-90.2634
cufft,float,64,64,64,-reorder,-p2p,-slabs,-r2c_dir 1,-ingrid 4 1 2,-outgrid 1 2 4,217.82859134674072,6.480244398117065,polarisSlingshot11,8,64,4,2,4,True,-39.1614
cufft,float,64,64,64,-no-reorder,-a2av,-pencils,-r2c_dir 1,-ingrid 4 1 2,-outgrid 1 2 4,219.0156168937683,6.019892692565918,polarisSlingshot11,8,64,4,3,4,True,-63.8775
cufft,float,64,64,64,-reorder,-a2a,-pencils,-r2c_dir 0,-ingrid 4 1 2,-outgrid 1 2 4,220.73830580711365,6.101864814758301,polarisSlingshot11,8,64,4,4,4,True,-56.4981
cufft,float,64,64,64,-reorder,-a2av,-pencils,-r2c_dir 1,-ingrid 2 4 1,-outgrid 1 2 4,222.44031643867493,6.162247180938721,polarisSlingshot11,8,64,4,5,4,True,-66.9106
cufft,float,64,64,64,-reorder,-a2av,-pencils,-r2c_dir 1,-ingrid 2 1 4,-outgrid 1 2 4,225.75924825668335,6.280710935592651,polarisSlingshot11,8,64,4,2,4,True,-76.3551
cufft,float,64,64,64,-reorder,-a2av,-pencils,-r2c_dir 1,-ingrid 1 2 4,-outgrid 1 2 4,227.22822546958923,6.112917900085449,polarisSlingshot11,8,64,4,3,4,True,-73.9852
cufft,float,64,64,64,-reorder,-a2av,-pencils,-r2c_dir 1,-ingrid 2 2 2,-outgrid 1 2 4,228.82589197158813,6.063945531845093,polarisSlingshot11,8,64,4,4,4,True,-74.1067
cufft,float,64,64,64,-reorder,-a2av,-slabs,-r2c_dir 1,-ingrid 4 1 2,-outgrid 1 2 4,230.54218792915344,6.136410236358643,polarisSlingshot11,8,64,4,5,4,True,-64.3068
cufft,float,64,64,64,-reorder,-a2av,-pencils,-r2c_dir 1,-ingrid 1 4 2,-outgrid 1 2 4,233.76369428634644,6.353081941604614,polarisSlingshot11,8,64,4,2,4,True,-56.9952
cufft,float,64,64,64,-reorder,-a2av,-pencils,-r2c_dir 0,-ingrid 4 1 2,-outgrid 1 2 4,235.1929497718811,6.139668703079224,polarisSlingshot11,8,64,4,3,4,True,-52.7613
cufft,float,64,64,64,-reorder,-p2p_pl,-slabs,-r2c_dir 1,-ingrid 4 1 2,-outgrid 1 8 1,236.81228280067444,6.12001895904541,polarisSlingshot11,8,64,4,4,4,True,-83.0592
cufft,float,64,64,64,-reorder,-a2av,-pencils,-r2c_dir 1,-ingrid 4 1 2,-outgrid 1 8 1,238.89161133766174,6.54744029045105,polarisSlingshot11,8,64,4,5,4,True,-90.2777
cufft,float,64,64,64,-reorder,-a2a,-pencils,-r2c_dir 1,-ingrid 4 1 2,-outgrid 1 8 1,242.3998086452484,6.960439920425415,polarisSlingshot11,8,64,4,2,4,True,-77.0948
cufft,float,64,64,64,-no-reorder,-a2a,-slabs,-r2c_dir 1,-ingrid 1 1 8,-outgrid 1 8 1,243.388201713562,6.28524923324585,polarisSlingshot11,8,64,4,3,4,True,-97.2366
cufft,float,64,64,64,-reorder,-p2p_pl,-pencils,-r2c_dir 1,-ingrid 2 2 2,-outgrid 1 8 1,244.88429164886475,6.116978168487549,polarisSlingshot11,8,64,4,4,4,True,-73.6263
cufft,float,64,64,64,-reorder,-p2p,-pencils,-r2c_dir 1,-ingrid 4 1 2,-outgrid 1 8 1,246.70873284339905,6.154407024383545,polarisSlingshot11,8,64,4,5,4,True,-72.1293
cufft,float,64,64,64,-reorder,-a2a,-slabs,-r2c_dir 1,-ingrid 4 1 2,-outgrid 1 8 1,250.6156985759735,6.55566930770874,polarisSlingshot11,8,64,4,2,4,True,-76.6775
cufft,float,64,64,64,-reorder,-a2av,-pencils,-r2c_dir 1,-ingrid 2 1 4,-outgrid 1 8 1,251.88699054718018,6.15950870513916,polarisSlingshot11,8,64,4,3,4,True,-89.8764
cufft,float,64,64,64,-no-reorder,-a2a,-pencils,-r2c_dir 1,-ingrid 1 1 8,-outgrid 1 8 1,253.57887816429138,6.197962284088135,polarisSlingshot11,8,64,4,4,4,True,-98.2583
cufft,float,64,64,64,-reorder,-a2a,-pencils,-r2c_dir 1,-ingrid 1 1 8,-outgrid 1 8 1,255.2124421596527,6.179451942443848,polarisSlingshot11,8,64,4,5,4,True,-99.4261
cufft,float,64,64,64,-no-reorder,-a2av,-slabs,-r2c_dir 1,-ingrid 1 1 8,-outgrid 1 8 1,258.81573247909546,6.5359697341918945,polarisSlingshot11,8,64,4,2,4,True,-76.9183
cufft,float,64,64,64,-reorder,-a2av,-pencils,-r2c_dir 1,-ingrid 1 1 8,-outgrid 1 8 1,260.06906175613403,6.1378395557403564,polarisSlingshot11,8,64,4,3,4,True,-89.5548
cufft,float,64,64,64,-reorder,-a2a,-pencils,-r2c_dir 1,-ingrid 2 1 4,-outgrid 1 8 1,261.70285081863403,6.114983797073364,polarisSlingshot11,8,64,4,4,4,True,-100.405
cufft,float,64,64,64,-no-reorder,-p2p,-pencils,-r2c_dir 1,-ingrid 1 1 8,-outgrid 1 8 1,263.3927264213562,6.1462953090667725,polarisSlingshot11,8,64,4,5,4,True,-74.1577
cufft,float,64,64,64,-no-reorder,-a2av,-pencils,-r2c_dir 1,-ingrid 1 1 8,-outgrid 1 8 1,267.40577244758606,6.927652597427368,polarisSlingshot11,8,64,4,2,4,True,-76.62
cufft,float,64,64,64,-no-reorder,-p2p_pl,-slabs,-r2c_dir 1,-ingrid 1 1 8,-outgrid 1 8 1,268.7444131374359,6.602441310882568,polarisSlingshot11,8,64,4,3,4,True,-89.2636
cufft,float,64,64,64,-no-reorder,-a2a,-pencils,-r2c_dir 1,-ingrid 2 1 4,-outgrid 1 8 1,270.37415194511414,6.5670576095581055,polarisSlingshot11,8,64,4,4,4,True,-83.7772
cufft,float,64,64,64,-reorder,-p2p_pl,-slabs,-r2c_dir 1,-ingrid 1 1 8,-outgrid 1 8 1,271.9440085887909,6.475615739822388,polarisSlingshot11,8,64,4,5,4,True,-89.1367
cufft,float,64,64,64,-reorder,-p2p_pl,-pencils,-r2c_dir 1,-ingrid 2 1 4,-outgrid 1 8 1,275.54742336273193,6.46439528465271,polarisSlingshot11,8,64,4,2,4,True,-66.3036
cufft,float,64,64,64,-reorder,-a2av,-pencils,-r2c_dir 1,-ingrid 2 1 4,-outgrid 4 2 1,276.8527615070343,6.094037055969238,polarisSlingshot11,8,64,4,3,4,True,-93.6643
cufft,float,64,64,64,-no-reorder,-a2a,-slabs,-r2c_dir 1,-ingrid 2 1 4,-outgrid 1 8 1,278.5786352157593,6.138172388076782,polarisSlingshot11,8,64,4,4,4,True,-86.0854
cufft,float,64,64,64,-reorder,-p2p,-pencils,-r2c_dir 1,-ingrid 2 1 4,-outgrid 1 8 1,280.2345459461212,6.123980760574341,polarisSlingshot11,8,64,4,5,4,True,-72.1925
cufft,float,64,64,64,-reorder,-a2a,-slabs,-r2c_dir 1,-ingrid 2 1 4,-outgrid 1 8 1,283.683721780777,6.452708721160889,polarisSlingshot11,8,64,4,2,4,True,-77.7587
cufft,float,64,64,64,-reorder,-a2a,-pencils,-r2c_dir 1,-ingrid 2 1 4,-outgrid 2 4 1,285.0670874118805,6.160852432250977,polarisSlingshot11,8,64,4,3,4,True,-93.8022
cufft,float,64,64,64,-reorder,-a2a,-pencils,-r2c_dir 1,-ingrid 2 1 4,-outgrid 4 2 1,286.77469635009766,6.191596269607544,polarisSlingshot11,8,64,4,4,4,True,-96.8763
cufft,float,64,64,64,-reorder,-a2av,-pencils,-r2c_dir 1,-ingrid 2 1 4,-outgrid 8 1 1,288.4073829650879,6.151247024536133,polarisSlingshot11,8,64,4,5,4,True,-68.662
cufft,float,64,64,64,-reorder,-p2p,-pencils,-r2c_dir 1,-ingrid 2 1 4,-outgrid 4 2 1,291.619469165802,6.258615732192993,polarisSlingshot11,8,64,4,2,4,True,-80.3831
cufft,float,64,64,64,-reorder,-a2av,-pencils,-r2c_dir 1,-ingrid 2 1 4,-outgrid 1 4 2,293.0271530151367,5.983229160308838,polarisSlingshot11,8,64,4,3,4,True,-109.49
cufft,float,64,64,64,-no-reorder,-a2av,-pencils,-r2c_dir 1,-ingrid 2 1 4,-outgrid 4 2 1,294.85483264923096,6.123173713684082,polarisSlingshot11,8,64,4,4,4,True,-76.3079
cufft,float,64,64,64,-reorder,-a2av,-slabs,-r2c_dir 1,-ingrid 2 1 4,-outgrid 4 2 1,296.53529834747314,6.117324352264404,polarisSlingshot11,8,64,4,5,4,True,-66.3961
cufft,float,64,64,64,-reorder,-a2a,-pencils,-r2c_dir 1,-ingrid 2 1 4,-outgrid 1 4 2,300.2323567867279,6.925991535186768,polarisSlingshot11,8,64,4,2,4,True,-31.7413
cufft,float,64,64,64,-reorder,-p2p,-pencils,-r2c_dir 1,-ingrid 2 1 4,-outgrid 1 4 2,301.46311807632446,6.47541356086731,polarisSlingshot11,8,64,4,3,4,True,-82.6244
cufft,float,64,64,64,-no-reorder,-p2p_pl,-pencils,-r2c_dir 1,-ingrid 2 1 4,-outgrid 1 4 2,303.1178855895996,6.452404737472534,polarisSlingshot11,8,64,4,4,4,True,-83.8004
cufft,float,64,64,64,-reorder,-a2av,-pencils,-r2c_dir 1,-ingrid 4 1 2,-outgrid 1 4 2,304.37251830101013,6.02981424331665,polarisSlingshot11,8,64,4,5,4,True,-111.758
cufft,float,64,64,64,-reorder,-a2av,-pencils,-r2c_dir 1,-ingrid 2 4 1,-outgrid 1 4 2,308.28743863105774,6.372267007827759,polarisSlingshot11,8,64,4,2,4,True,-72.9861
cufft,float,64,64,64,-reorder,-p2p_pl,-pencils,-r2c_dir 1,-ingrid 2 1 4,-outgrid 1 4 2,309.6347436904907,6.034376382827759,polarisSlingshot11,8,64,4,3,4,True,-107.0
cufft,float,64,64,64,-reorder,-p2p_pl,-slabs,-r2c_dir 1,-ingrid 2 1 4,-outgrid 1 4 2,311.3868236541748,6.1087586879730225,polarisSlingshot11,8,64,4,4,4,True,-74.201
cufft,float,64,64,64,-reorder,-a2av,-pencils,-r2c_dir 1,-ingrid 8 1 1,-outgrid 1 4 2,313.06785702705383,6.122066259384155,polarisSlingshot11,8,64,4,5,4,True,-90.7555
cufft,float,64,64,64,-no-reorder,-a2av,-pencils,-r2c_dir 1,-ingrid 2 1 4,-outgrid 1 4 2,316.3141918182373,6.359623432159424,polarisSlingshot11,8,64,4,2,4,True,-79.0177
cufft,float,64,64,64,-reorder,-a2a,-pencils,-r2c_dir 1,-ingrid 4 1 2,-outgrid 1 4 2,317.79096150398254,6.155441761016846,polarisSlingshot11,8,64,4,3,4,True,-85.5258
cufft,float,64,64,64,-reorder,-p2p,-pencils,-r2c_dir 1,-ingrid 4 1 2,-outgrid 1 4 2,319.32388138771057,6.0116801261901855,polarisSlingshot11,8,64,4,4,4,True,-92.7248
cufft,float,64,64,64,-reorder,-a2av,-pencils,-r2c_dir 1,-ingrid 1 2 4,-outgrid 1 4 2,321.04430389404297,6.056250095367432,polarisSlingshot11,8,64,4,5,4,True,-83.8135
cufft,float,64,64,64,-no-reorder,-a2av,-pencils,-r2c_dir 1,-ingrid 4 1 2,-outgrid 1 4 2,324.3038258552551,6.3115234375,polarisSlingshot11,8,64,4,2,4,True,-62.6395
cufft,float,64,64,64,-reorder,-a2av,-pencils,-r2c_dir 1,-ingrid 2 2 2,-outgrid 1 4 2,325.7401649951935,6.070796251296997,polarisSlingshot11,8,64,4,3,4,True,-85.1311
cufft,float,64,64,64,-reorder,-a2av,-pencils,-r2c_dir 1,-ingrid 4 2 1,-outgrid 1 4 2,327.43657898902893,6.085299491882324,polarisSlingshot11,8,64,4,4,4,True,-89.0045
cufft,float,64,64,64,-reorder,-a2av,-pencils,-r2c_dir 1,-ingrid 1 4 2,-outgrid 1 4 2,329.66030526161194,6.645455837249756,polarisSlingshot11,8,64,4,5,4,True,-74.293
cufft,float,64,64,64,-reorder,-p2p_pl,-pencils,-r2c_dir 1,-ingrid 1 2 4,-outgrid 1 4 2,332.70712208747864,6.718931674957275,polarisSlingshot11,8,64,4,2,4,True,-84.4585
cufft,float,64,64,64,-reorder,-a2av,-pencils,-r2c_dir 1,-ingrid 1 1 8,-outgrid 1 4 2,333.79492235183716,6.13664436340332,polarisSlingshot11,8,64,4,3,4,True,-78.4783
cufft,float,64,64,64,-reorder,-a2av,-pencils,-r2c_dir 1,-ingrid 1 8 1,-outgrid 1 4 2,335.43526577949524,6.100465774536133,polarisSlingshot11,8,64,4,4,4,True,-58.5607
cufft,float,64,64,64,-reorder,-p2p_pl,-pencils,-r2c_dir 1,-ingrid 8 1 1,-outgrid 1 4 2,337.4834637641907,6.152624845504761,polarisSlingshot11,8,64,4,5,4,True,-87.5432
cufft,float,64,64,64,-reorder,-a2a,-slabs,-r2c_dir 1,-ingrid 8 1 1,-outgrid 1 8 1,340.74325728416443,6.354576826095581,polarisSlingshot11,8,64,4,2,4,True,-81.4507
cufft,float,64,64,64,-reorder,-a2a,-pencils,-r2c_dir 1,-ingrid 8 1 1,-outgrid 1 8 1,342.2358350753784,6.161644220352173,polarisSlingshot11,8,64,4,3,4,True,-96.2229
cufft,float,64,64,64,-reorder,-a2av,-pencils,-r2c_dir 1,-ingrid 8 1 1,-outgrid 4 2 1,343.8905277252197,6.128725290298462,polarisSlingshot11,8,64,4,4,4,True,-65.4666
cufft,float,64,64,64,-reorder,-a2av,-pencils,-r2c_dir 1,-ingrid 8 1 1,-outgrid 1 8 1,345.5991916656494,6.146381139755249,polarisSlingshot11,8,64,4,5,4,True,-88.3858
cufft,float,64,64,64,-no-reorder,-p2p_pl,-pencils,-r2c_dir 1,-ingrid 8 1 1,-outgrid 1 4 2,348.8275456428528,6.392919063568115,polarisSlingshot11,8,64,4,2,4,True,-42.9946
cufft,float,64,64,64,-reorder,-a2a,-pencils,-r2c_dir 1,-ingrid 8 1 1,-outgrid 1 4 2,350.25384759902954,6.134828090667725,polarisSlingshot11,8,64,4,3,4,True,-99.9437
cufft,float,64,64,64,-no-reorder,-a2a,-slabs,-r2c_dir 1,-ingrid 8 1 1,-outgrid 1 8 1,352.0074894428253,6.182565450668335,polarisSlingshot11,8,64,4,4,4,True,-44.5738
cufft,float,64,64,64,-no-reorder,-a2a,-pencils,-r2c_dir 1,-ingrid 8 1 1,-outgrid 1 8 1,353.67635893821716,6.140595197677612,polarisSlingshot11,8,64,4,5,4,True,-44.3007
cufft,float,64,64,64,-no-reorder,-a2a,-slabs,-r2c_dir 1,-ingrid 2 2 2,-outgrid 1 8 1,357.46918988227844,6.9510416984558105,polarisSlingshot11,8,64,4,2,4,True,-55.2363
cufft,float,64,64,64,-no-reorder,-a2a,-pencils,-r2c_dir 1,-ingrid 1 2 4,-outgrid 1 8 1,358.7830739021301,6.579476833343506,polarisSlingshot11,8,64,4,3,4,True,-67.8947
cufft,float,64,64,64,-no-reorder,-a2a,-pencils,-r2c_dir 1,-ingrid 2 1 4,-outgrid 4 2 1,360.4273519515991,6.542328119277954,polarisSlingshot11,8,64,4,4,4,True,-75.7048
cufft,float,64,64,64,-reorder,-a2a,-pencils,-r2c_dir 1,-ingrid 2 2 2,-outgrid 1 8 1,362.1212389469147,6.561127185821533,polarisSlingshot11,8,64,4,5,4,True,-82.6892
cufft,float,64,64,64,-reorder,-a2a,-pencils,-r2c_dir 1,-ingrid 1 2 4,-outgrid 1 8 1,365.6840109825134,6.525660991668701,polarisSlingshot11,8,64,4,2,4,True,-68.5237
cufft,float,64,64,64,-reorder,-a2a,-pencils,-r2c_dir 1,-ingrid 2 4 1,-outgrid 1 8 1,367.0779252052307,6.240545034408569,polarisSlingshot11,8,64,4,3,4,True,-72.1661
cufft,float,64,64,64,-reorder,-a2a,-pencils,-r2c_dir 1,-ingrid 1 2 4,-outgrid 1 4 2,368.64416885375977,6.1285765171051025,polarisSlingshot11,8,64,4,4,4,True,-34.1448
cufft,float,64,64,64,-reorder,-a2a,-pencils,-r2c_dir 1,-ingrid 4 2 1,-outgrid 1 8 1,370.33849453926086,6.1406028270721436,polarisSlingshot11,8,64,4,5,4,True,-79.6519
cufft,float,64,64,64,-reorder,-a2a,-pencils,-r2c_dir 1,-ingrid 2 2 2,-outgrid 1 4 2,373.75977063179016,6.381019353866577,polarisSlingshot11,8,64,4,2,4,True,-30.0597
cufft,float,64,64,64,-reorder,-p2p_pl,-pencils,-r2c_dir 1,-ingrid 2 2 2,-outgrid 1 4 2,375.10873079299927,6.0350000858306885,polarisSlingshot11,8,64,4,3,4,True,-89.5926
cufft,float,64,64,64,-reorder,-p2p,-pencils,-r2c_dir 1,-ingrid 2 2 2,-outgrid 1 4 2,376.77907395362854,5.997872591018677,polarisSlingshot11,8,64,4,4,4,True,-75.2205
cufft,float,64,64,64,-reorder,-a2a,-pencils,-r2c_dir 1,-ingrid 2 1 4,-outgrid 2 2 2,378.5840721130371,6.101499080657959,polarisSlingshot11,8,64,4,5,4,True,-87.0465
cufft,float,64,64,64,-reorder,-a2a,-pencils,-r2c_dir 1,-ingrid 2 1 4,-outgrid 8 1 1,381.86769938468933,6.40400767326355,polarisSlingshot11,8,64,4,2,4,True,-66.4035
cufft,float,64,64,64,-reorder,-a2av,-pencils,-r2c_dir 1,-ingrid 4 1 2,-outgrid 2 2 2,383.30115127563477,6.147657871246338,polarisSlingshot11,8,64,4,3,4,True,-75.057
cufft,float,64,64,64,-reorder,-a2a,-pencils,-r2c_dir 1,-ingrid 2 1 4,-outgrid 2 1 4,384.9786858558655,6.123824119567871,polarisSlingshot11,8,64,4,4,4,True,-70.8787
cufft,float,64,64,64,-reorder,-a2a,-pencils,-r2c_dir 1,-ingrid 2 1 4,-outgrid 4 1 2,386.6273910999298,6.077641248703003,polarisSlingshot11,8,64,4,5,4,True,-82.0505
cufft,float,64,64,64,-reorder,-p2p_pl,-pencils,-r2c_dir 1,-ingrid 2 1 4,-outgrid 2 2 2,390.26553606987,6.691169738769531,polarisSlingshot11,8,64,4,2,4,True,-90.3375
cufft,float,64,64,64,-reorder,-p2p_pl,-pencils,-r2c_dir 1,-ingrid 2 1 4,-outgrid 2 4 1,391.7517509460449,6.455780506134033,polarisSlingshot11,8,64,4,3,4,True,-111.308
cufft,float,64,64,64,-reorder,-a2av,-pencils,-r2c_dir 1,-ingrid 2 1 4,-outgrid 2 4 1,393.31900906562805,6.312484264373779,polarisSlingshot11,8,64,4,4,4,True,-96.0719
cufft,float,64,64,64,-reorder,-a2av,-pencils,-r2c_dir 1,-ingrid 2 1 4,-outgrid 2 2 2,394.82064723968506,6.104444980621338,polarisSlingshot11,8,64,4,5,4,True,-78.9608
cufft,float,64,64,64,-reorder,-p2p_pl,-pencils,-r2c_dir 1,-ingrid 2 1 4,-outgrid 8 1 1,398.4227890968323,6.464582443237305,polarisSlingshot11,8,64,4,2,4,True,-75.402
cufft,float,64,64,64,-reorder,-p2p_pl,-pencils,-r2c_dir 1,-ingrid 2 1 4,-outgrid 2 1 4,399.72830629348755,6.079615592956543,polarisSlingshot11,8,64,4,3,4,True,-77.0621
cufft,float,64,64,64,-reorder,-p2p_pl,-pencils,-r2c_dir 1,-ingrid 2 1 4,-outgrid 1 1 8,401.4506585597992,6.106418132781982,polarisSlingshot11,8,64,4,4,4,True,-66.2068
cufft,float,64,64,64,-reorder,-p2p_pl,-pencils,-r2c_dir 1,-ingrid 2 1 4,-outgrid 4 1 2,403.0633645057678,6.026918888092041,polarisSlingshot11,8,64,4,5,4,True,-81.508
