p0,p1x,p1y,p1z,p2,p3,p4,p5,p6,p7,p8,p9,p7_float,p8_float,p9_float,c0,FLOPS,elapsed_sec,machine_identifier,mpi_ranks,threads_per_node,ranks_per_node,gpu_enabled,libE_id,libE_workers
double,128,128,128,-reorder,-a2a,-p2p,-pencils,-r2c_dir 0,2 2 4,2 2 4,8,0.5714285714285714,0.5714285714285714,0.5,cufft,-81.8624,8.148739576339722,polaris-gpu,16,64,4,True,2,4
double,128,128,128,-reorder,-a2a,-p2p,-pencils,-r2c_dir 0,2 2 4,8 2 1,8,0.5714285714285714,0.0714285714285714,0.5,cufft,-94.0304,7.703087091445923,polaris-gpu,16,64,4,True,3,4
double,128,128,128,-no-reorder, ,-p2p_pl,-pencils,-r2c_dir 1,2 2 4,8 2 1,12,0.5714285714285714,0.0714285714285714,0.75,cufft,-62.8515,10.9497492313385,polaris-gpu,16,64,4,True,4,4
double,128,128,128,-reorder, ,-p2p_pl,-pencils,-r2c_dir 0,2 2 4,16 1 1,12,0.5714285714285714,0.0,0.75,cufft,-51.2764,10.64439606666565,polaris-gpu,16,64,4,True,5,4
double,128,128,128,-reorder,-a2a,-p2p,-pencils,-r2c_dir 0,2 2 4,16 1 1,4,0.5714285714285714,0.0,0.25,cufft,-38.0465,10.980149745941162,polaris-gpu,16,64,4,True,2,4
double,128,128,128,-reorder,-a2a,-p2p,-pencils,-r2c_dir 1,2 2 4,8 2 1,8,0.5714285714285714,0.0714285714285714,0.5,cufft,-48.7417,12.460145711898804,polaris-gpu,16,64,4,True,3,4
double,128,128,128,-reorder,-a2av,-p2p,-slabs,-r2c_dir 0,2 2 4,16 1 1,8,0.5714285714285714,0.0,0.5,cufft,-34.9733,14.059016942977903,polaris-gpu,16,64,4,True,2,4
double,128,128,128,-reorder,-a2a,-p2p,-pencils,-r2c_dir 0,2 2 4,8 2 1,2,0.5714285714285714,0.0714285714285714,0.0,cufft,-98.643,16.305160522460938,polaris-gpu,16,64,4,True,2,4
float,128,128,128,-reorder,-a2a,-p2p,-pencils,-r2c_dir 0,2 2 4,4 4 1,8,0.5714285714285714,0.2142857142857142,0.5,cufft,2.255,16.10697054862976,polaris-gpu,16,64,4,True,3,4
double,128,128,128,-reorder,-a2a,-p2p,-pencils,-r2c_dir 1,2 2 4,16 1 1,8,0.5714285714285714,0.0,0.5,cufft,-34.7917,18.68572449684143,polaris-gpu,16,64,4,True,2,4
double,128,128,128,-no-reorder, ,-p2p,-pencils,-r2c_dir 0,2 2 4,16 1 1,8,0.5714285714285714,0.0,0.5,cufft,-30.7672,18.74292278289795,polaris-gpu,16,64,4,True,3,4
double,128,128,128,-no-reorder,-a2a,-p2p_pl,-pencils,-r2c_dir 0,2 2 4,8 2 1,2,0.5714285714285714,0.0714285714285714,0.0,cufft,-99.5747,20.953619480133057,polaris-gpu,16,64,4,True,2,4
float,128,128,128,-reorder, ,-p2p,-pencils,-r2c_dir 1,2 2 4,16 1 1,2,0.5714285714285714,0.0,0.0,cufft,-34.9442,21.053740978240967,polaris-gpu,16,64,4,True,3,4
double,128,128,128,-no-reorder,-a2a,-p2p,-pencils,-r2c_dir 2,2 2 4,4 4 1,2,0.5714285714285714,0.2142857142857142,0.0,cufft,-58.2914,23.272412061691284,polaris-gpu,16,64,4,True,2,4
float,128,128,128,-no-reorder,-a2a,-p2p,-pencils,-r2c_dir 2,2 2 4,8 2 1,2,0.5714285714285714,0.0714285714285714,0.0,cufft,-64.1666,23.341808557510376,polaris-gpu,16,64,4,True,3,4
double,128,128,128,-no-reorder, ,-p2p_pl,-slabs,-r2c_dir 0,2 2 4,4 4 1,2,0.5714285714285714,0.2142857142857142,0.0,cufft,-47.7192,25.665030241012573,polaris-gpu,16,64,4,True,2,4
double,128,128,128,-reorder,-a2a,-p2p,-pencils,-r2c_dir 0,2 2 4,4 4 1,2,0.5714285714285714,0.2142857142857142,0.0,cufft,-111.984,25.56144142150879,polaris-gpu,16,64,4,True,3,4
double,128,128,128,-reorder,-a2a,-p2p,-pencils,-r2c_dir 1,2 2 4,4 2 2,8,0.5714285714285714,0.2857142857142857,0.5,cufft,-75.9635,27.89820909500122,polaris-gpu,16,64,4,True,2,4
float,128,128,128,-no-reorder,-a2a, ,-pencils,-r2c_dir 0,2 2 4,8 2 1,2,0.5714285714285714,0.0714285714285714,0.0,cufft,-56.6571,27.98936867713928,polaris-gpu,16,64,4,True,3,4
double,128,128,128,-no-reorder,-a2a,-p2p,-pencils,-r2c_dir 0,2 2 4,16 1 1,2,0.5714285714285714,0.0,0.0,cufft,-33.0122,30.320674896240234,polaris-gpu,16,64,4,True,2,4
double,128,128,128,-reorder, ,-p2p_pl,-slabs,-r2c_dir 0,2 2 4,2 2 4,2,0.5714285714285714,0.5714285714285714,0.0,cufft,-43.5683,30.275811910629272,polaris-gpu,16,64,4,True,3,4
float,128,128,128,-reorder,-a2av,-p2p,-pencils,-r2c_dir 1,2 2 4,4 4 1,2,0.5714285714285714,0.2142857142857142,0.0,cufft,1.0,52.57911109924317,polaris-gpu,16,64,4,True,2,4
double,128,128,128,-no-reorder,-a2av,-p2p_pl,-slabs,-r2c_dir 0,2 2 4,4 4 1,4,0.5714285714285714,0.2142857142857142,0.25,cufft,-44.3019,32.649150133132935,polaris-gpu,16,64,4,True,3,4
float,128,128,128,-reorder,-a2a,-p2p,-pencils,-r2c_dir 0,2 2 4,4 4 1,2,0.5714285714285714,0.2142857142857142,0.0,cufft,2.255,34.72377061843872,polaris-gpu,16,64,4,True,3,4
double,128,128,128,-reorder,-a2a,-p2p_pl,-pencils,-r2c_dir 0,2 2 4,4 2 2,2,0.5714285714285714,0.2857142857142857,0.0,cufft,-91.4419,34.90942621231079,polaris-gpu,16,64,4,True,4,4
double,128,128,128,-reorder,-a2a,-p2p_pl,-pencils,-r2c_dir 0,2 2 4,4 2 2,2,0.5714285714285714,0.2857142857142857,0.0,cufft,-92.129,36.44876432418823,polaris-gpu,16,64,4,True,3,4
double,128,128,128,-no-reorder,-a2a, ,-pencils,-r2c_dir 0,2 2 4,2 2 4,8,0.5714285714285714,0.5714285714285714,0.5,cufft,2.255,37.90720510482788,polaris-gpu,16,64,4,True,4,4
double,128,128,128,-reorder,-a2a,-p2p,-pencils,-r2c_dir 2,2 2 4,4 4 1,2,0.5714285714285714,0.2142857142857142,0.0,cufft,-58.0121,39.68219304084778,polaris-gpu,16,64,4,True,3,4
double,128,128,128,-reorder,-a2a, ,-slabs,-r2c_dir 0,2 2 4,8 2 1,2,0.5714285714285714,0.0714285714285714,0.0,cufft,-63.8648,42.1132595539093,polaris-gpu,16,64,4,True,3,4
float,128,128,128,-no-reorder,-a2a,-p2p_pl,-pencils,-r2c_dir 0,2 2 4,2 2 4,2,0.5714285714285714,0.5714285714285714,0.0,cufft,-90.2586,42.1914165019989,polaris-gpu,16,64,4,True,4,4
double,128,128,128,-no-reorder,-a2a, ,-pencils,-r2c_dir 0,2 2 4,4 4 1,2,0.5714285714285714,0.2142857142857142,0.0,cufft,-108.686,43.55421209335327,polaris-gpu,16,64,4,True,5,4
double,128,128,128,-reorder,-a2a,-p2p,-pencils,-r2c_dir 1,2 2 4,2 2 4,2,0.5714285714285714,0.5714285714285714,0.0,cufft,-74.0686,45.42858910560608,polaris-gpu,16,64,4,True,3,4
float,128,128,128,-no-reorder,-a2a,-p2p,-pencils,-r2c_dir 0,2 2 4,4 4 1,2,0.5714285714285714,0.2142857142857142,0.0,cufft,-108.506,47.74177932739258,polaris-gpu,16,64,4,True,3,4
double,128,128,128,-no-reorder,-a2a,-p2p_pl,-pencils,-r2c_dir 0,2 2 4,4 4 1,2,0.5714285714285714,0.2142857142857142,0.0,cufft,-112.318,47.70552659034729,polaris-gpu,16,64,4,True,4,4
double,128,128,128,-no-reorder,-a2a, ,-pencils,-r2c_dir 1,2 2 4,2 2 4,2,0.5714285714285714,0.5714285714285714,0.0,cufft,-69.3108,49.36859035491944,polaris-gpu,16,64,4,True,5,4
double,128,128,128,-no-reorder,-a2a,-p2p_pl,-pencils,-r2c_dir 0,2 2 4,4 2 2,2,0.5714285714285714,0.2857142857142857,0.0,cufft,-83.2274,51.02414393424988,polaris-gpu,16,64,4,True,3,4
double,128,128,128,-no-reorder,-a2av, ,-pencils,-r2c_dir 0,2 2 4,4 4 1,2,0.5714285714285714,0.2142857142857142,0.0,cufft,-96.4097,52.57075071334839,polaris-gpu,16,64,4,True,4,4
double,128,128,128,-no-reorder,-a2a,-p2p_pl,-pencils,-r2c_dir 0,2 2 4,4 2 2,2,0.5714285714285714,0.2857142857142857,0.0,cufft,-83.4606,54.10538339614868,polaris-gpu,16,64,4,True,3,4
double,128,128,128,-no-reorder,-a2a,-p2p,-pencils,-r2c_dir 0,2 2 4,4 4 1,2,0.5714285714285714,0.2142857142857142,0.0,cufft,-104.629,55.69537043571472,polaris-gpu,16,64,4,True,2,4
double,128,128,128,-reorder,-a2a,-p2p_pl,-pencils,-r2c_dir 0,2 2 4,4 4 1,2,0.5714285714285714,0.2142857142857142,0.0,cufft,-131.71,58.0769784450531,polaris-gpu,16,64,4,True,2,4
double,128,128,128,-no-reorder,-a2a,-p2p_pl,-pencils,-r2c_dir 2,2 2 4,4 4 1,2,0.5714285714285714,0.2142857142857142,0.0,cufft,-68.524,58.11340951919556,polaris-gpu,16,64,4,True,3,4
double,128,128,128,-reorder,-a2a,-p2p_pl,-slabs,-r2c_dir 0,2 2 4,4 4 1,2,0.5714285714285714,0.2142857142857142,0.0,cufft,-48.4278,60.46701121330261,polaris-gpu,16,64,4,True,2,4
double,128,128,128,-reorder,-a2av, ,-pencils,-r2c_dir 0,2 2 4,4 4 1,2,0.5714285714285714,0.2142857142857142,0.0,cufft,-106.227,60.432448625564575,polaris-gpu,16,64,4,True,3,4
float,128,128,128,-reorder,-a2a,-p2p,-pencils,-r2c_dir 0,2 2 4,16 1 1,2,0.5714285714285714,0.0,0.0,cufft,1.0,82.79682230949402,polaris-gpu,16,64,4,True,2,4
double,128,128,128,-no-reorder,-a2a, ,-pencils,-r2c_dir 0,2 2 4,16 1 1,2,0.5714285714285714,0.0,0.0,cufft,-50.0102,62.89926695823669,polaris-gpu,16,64,4,True,3,4
double,128,128,128,-reorder,-a2av,-p2p,-pencils,-r2c_dir 0,2 2 4,4 4 1,2,0.5714285714285714,0.2142857142857142,0.0,cufft,-110.519,65.19411993026733,polaris-gpu,16,64,4,True,3,4
double,128,128,128,-no-reorder,-a2a,-p2p_pl,-pencils,-r2c_dir 0,2 2 4,4 4 1,2,0.5714285714285714,0.2142857142857142,0.0,cufft,-111.71,65.18110918998718,polaris-gpu,16,64,4,True,4,4
double,128,128,128,-no-reorder,-a2av, ,-pencils,-r2c_dir 0,2 2 4,8 2 1,2,0.5714285714285714,0.0714285714285714,0.0,cufft,-88.3725,66.9350688457489,polaris-gpu,16,64,4,True,5,4
double,128,128,128,-no-reorder,-a2av, ,-pencils,-r2c_dir 0,2 2 4,4 4 1,2,0.5714285714285714,0.2142857142857142,0.0,cufft,-96.7711,68.43925595283508,polaris-gpu,16,64,4,True,3,4
double,128,128,128,-no-reorder, ,-p2p,-pencils,-r2c_dir 0,2 2 4,4 2 2,2,0.5714285714285714,0.2857142857142857,0.0,cufft,-69.472,70.043137550354,polaris-gpu,16,64,4,True,4,4
double,128,128,128,-no-reorder,-a2a,-p2p,-pencils,-r2c_dir 0,2 2 4,4 4 1,2,0.5714285714285714,0.2142857142857142,0.0,cufft,-100.853,71.62302541732788,polaris-gpu,16,64,4,True,3,4
float,128,128,128,-no-reorder, ,-p2p_pl,-pencils,-r2c_dir 0,2 2 4,4 4 1,2,0.5714285714285714,0.2142857142857142,0.0,cufft,-120.083,73.21877121925354,polaris-gpu,16,64,4,True,4,4
float,128,128,128,-no-reorder, ,-p2p,-pencils,-r2c_dir 0,2 2 4,4 4 1,2,0.5714285714285714,0.2142857142857142,0.0,cufft,-106.836,74.87546563148499,polaris-gpu,16,64,4,True,3,4
float,128,128,128,-no-reorder,-a2av,-p2p,-pencils,-r2c_dir 0,2 2 4,4 4 1,2,0.5714285714285714,0.2142857142857142,0.0,cufft,-106.714,76.40694308280945,polaris-gpu,16,64,4,True,4,4
float,128,128,128,-no-reorder,-a2av,-p2p_pl,-slabs,-r2c_dir 0,2 2 4,4 4 1,2,0.5714285714285714,0.2142857142857142,0.0,cufft,-47.5108,78.12888717651367,polaris-gpu,16,64,4,True,3,4
float,128,128,128,-no-reorder, , ,-pencils,-r2c_dir 0,2 2 4,4 4 1,2,0.5714285714285714,0.2142857142857142,0.0,cufft,-110.248,79.66583371162415,polaris-gpu,16,64,4,True,4,4
float,128,128,128,-no-reorder,-a2av,-p2p_pl,-pencils,-r2c_dir 0,2 2 4,8 2 1,2,0.5714285714285714,0.0714285714285714,0.0,cufft,-102.479,81.31810545921326,polaris-gpu,16,64,4,True,3,4
float,128,128,128,-no-reorder,-a2a,-p2p_pl,-pencils,-r2c_dir 0,2 2 4,4 4 1,2,0.5714285714285714,0.2142857142857142,0.0,cufft,-120.426,82.82791590690613,polaris-gpu,16,64,4,True,4,4
float,128,128,128,-no-reorder, ,-p2p_pl,-pencils,-r2c_dir 0,2 2 4,4 4 1,2,0.5714285714285714,0.2142857142857142,0.0,cufft,-119.72,84.49920749664307,polaris-gpu,16,64,4,True,3,4
double,128,128,128,-no-reorder, ,-p2p_pl,-pencils,-r2c_dir 0,2 2 4,4 4 1,2,0.5714285714285714,0.2142857142857142,0.0,cufft,-108.336,86.04118013381958,polaris-gpu,16,64,4,True,2,4
double,128,128,128,-no-reorder, ,-p2p,-pencils,-r2c_dir 2,2 2 4,4 4 1,2,0.5714285714285714,0.2142857142857142,0.0,cufft,-60.5517,88.49734377861023,polaris-gpu,16,64,4,True,2,4
double,128,128,128,-no-reorder,-a2a,-p2p_pl,-pencils,-r2c_dir 0,2 2 4,4 4 1,2,0.5714285714285714,0.2142857142857142,0.0,cufft,-111.746,88.45758533477783,polaris-gpu,16,64,4,True,3,4
float,128,128,128,-no-reorder,-a2av,-p2p_pl,-pencils,-r2c_dir 0,2 2 4,8 2 1,2,0.5714285714285714,0.0714285714285714,0.0,cufft,-108.1,90.97661805152892,polaris-gpu,16,64,4,True,2,4
float,128,128,128,-no-reorder,-a2av,-p2p_pl,-pencils,-r2c_dir 1,2 2 4,4 4 1,2,0.5714285714285714,0.2142857142857142,0.0,cufft,-92.7602,90.9923779964447,polaris-gpu,16,64,4,True,3,4
double,128,128,128,-no-reorder,-a2a,-p2p_pl,-pencils,-r2c_dir 0,2 2 4,4 4 1,2,0.5714285714285714,0.2142857142857142,0.0,cufft,-115.964,93.30548238754272,polaris-gpu,16,64,4,True,2,4
float,128,128,128,-no-reorder, ,-p2p_pl,-slabs,-r2c_dir 0,2 2 4,4 4 1,2,0.5714285714285714,0.2142857142857142,0.0,cufft,-47.3198,93.41565322875977,polaris-gpu,16,64,4,True,3,4
float,128,128,128,-no-reorder,-a2a,-p2p_pl,-pencils,-r2c_dir 0,2 2 4,8 2 1,2,0.5714285714285714,0.0714285714285714,0.0,cufft,-105.479,95.81977701187134,polaris-gpu,16,64,4,True,2,4
double,128,128,128,-reorder,-a2a,-p2p_pl,-slabs,-r2c_dir 1,2 2 4,4 4 1,2,0.5714285714285714,0.2142857142857142,0.0,cufft,-45.1596,95.84545421600342,polaris-gpu,16,64,4,True,3,4
float,128,128,128,-reorder, ,-p2p_pl,-pencils,-r2c_dir 0,2 2 4,4 4 1,2,0.5714285714285714,0.2142857142857142,0.0,cufft,1.0,118.19462180137634,polaris-gpu,16,64,4,True,2,4
double,128,128,128,-no-reorder, ,-p2p_pl,-pencils,-r2c_dir 0,4 2 2,4 4 1,2,0.2857142857142857,0.2142857142857142,0.0,cufft,-82.3823,98.20957136154176,polaris-gpu,16,64,4,True,3,4
double,128,128,128,-reorder,-a2a,-p2p_pl,-pencils,-r2c_dir 1,2 2 4,4 4 1,2,0.5714285714285714,0.2142857142857142,0.0,cufft,-98.9984,100.66850352287292,polaris-gpu,16,64,4,True,3,4
double,128,128,128,-no-reorder, ,-p2p_pl,-pencils,-r2c_dir 0,2 2 4,4 4 1,2,0.5714285714285714,0.2142857142857142,0.0,cufft,-110.519,100.60708379745483,polaris-gpu,16,64,4,True,4,4
float,128,128,128,-no-reorder,-a2a, ,-pencils,-r2c_dir 0,4 2 2,4 4 1,2,0.2857142857142857,0.2142857142857142,0.0,cufft,-81.6003,102.4506812095642,polaris-gpu,16,64,4,True,5,4
double,128,128,128,-reorder,-a2av,-p2p,-pencils,-r2c_dir 0,2 2 4,4 4 1,2,0.5714285714285714,0.2142857142857142,0.0,cufft,-114.016,103.90510106086732,polaris-gpu,16,64,4,True,3,4
float,128,128,128,-no-reorder, , ,-pencils,-r2c_dir 0,2 2 4,16 1 1,2,0.5714285714285714,0.0,0.0,cufft,-44.2026,105.6662290096283,polaris-gpu,16,64,4,True,4,4
float,128,128,128,-no-reorder,-a2a,-p2p_pl,-pencils,-r2c_dir 0,4 4 1,4 4 1,2,0.2142857142857142,0.2142857142857142,0.0,cufft,-79.6414,107.23371815681458,polaris-gpu,16,64,4,True,3,4
float,128,128,128,-reorder,-a2a,-p2p,-pencils,-r2c_dir 0,2 2 4,4 4 1,2,0.5714285714285714,0.2142857142857142,0.0,cufft,2.255,108.59518647193909,polaris-gpu,16,64,4,True,4,4
float,128,128,128,-reorder,-a2a,-p2p_pl,-pencils,-r2c_dir 1,2 2 4,4 4 1,2,0.5714285714285714,0.2142857142857142,0.0,cufft,1.0,130.6563971042633,polaris-gpu,16,64,4,True,3,4
float,128,128,128,-reorder,-a2a,-p2p_pl,-pencils,-r2c_dir 0,2 2 4,4 4 1,2,0.5714285714285714,0.2142857142857142,0.0,cufft,1.0,132.9045751094818,polaris-gpu,16,64,4,True,4,4
double,128,128,128,-no-reorder, ,-p2p,-pencils,-r2c_dir 0,2 2 4,4 4 1,2,0.5714285714285714,0.2142857142857142,0.0,cufft,-105.373,112.93045663833618,polaris-gpu,16,64,4,True,5,4
double,128,128,128,-no-reorder,-a2av,-p2p_pl,-pencils,-r2c_dir 0,2 2 4,4 4 1,2,0.5714285714285714,0.2142857142857142,0.0,cufft,-113.805,116.2549648284912,polaris-gpu,16,64,4,True,5,4
double,128,128,128,-no-reorder,-a2av,-p2p_pl,-pencils,-r2c_dir 0,8 2 1,4 4 1,2,0.0714285714285714,0.2142857142857142,0.0,cufft,-66.2201,119.58121252059937,polaris-gpu,16,64,4,True,5,4
float,128,128,128,-no-reorder, ,-p2p_pl,-pencils,-r2c_dir 0,2 2 4,4 4 1,2,0.5714285714285714,0.2142857142857142,0.0,cufft,-124.483,121.5139684677124,polaris-gpu,16,64,4,True,2,4
float,128,128,128,-no-reorder, ,-p2p_pl,-pencils,-r2c_dir 0,2 2 4,8 2 1,2,0.5714285714285714,0.0714285714285714,0.0,cufft,-107.408,123.2412633895874,polaris-gpu,16,64,4,True,5,4
float,128,128,128,-no-reorder, ,-p2p_pl,-pencils,-r2c_dir 0,2 2 4,4 4 1,2,0.5714285714285714,0.2142857142857142,0.0,cufft,-125.07,124.83137440681458,polaris-gpu,16,64,4,True,2,4
double,128,128,128,-no-reorder,-a2a,-p2p_pl,-pencils,-r2c_dir 2,4 2 2,4 4 1,2,0.2857142857142857,0.2142857142857142,0.0,cufft,-78.9269,126.64577460289,polaris-gpu,16,64,4,True,2,4
float,128,128,128,-no-reorder, ,-p2p_pl,-pencils,-r2c_dir 0,2 2 4,4 4 1,2,0.5714285714285714,0.2142857142857142,0.0,cufft,-124.149,128.20993614196777,polaris-gpu,16,64,4,True,5,4
float,128,128,128,-no-reorder,-a2av,-p2p_pl,-slabs,-r2c_dir 0,2 2 4,4 4 1,2,0.5714285714285714,0.2142857142857142,0.0,cufft,-50.7169,130.07804799079895,polaris-gpu,16,64,4,True,2,4
double,128,128,128,-no-reorder, ,-p2p_pl,-pencils,-r2c_dir 0,2 2 4,4 4 1,2,0.5714285714285714,0.2142857142857142,0.0,cufft,-114.344,131.6135025024414,polaris-gpu,16,64,4,True,5,4
float,128,128,128,-no-reorder, ,-p2p_pl,-pencils,-r2c_dir 0,2 2 4,4 4 1,2,0.5714285714285714,0.2142857142857142,0.0,cufft,-117.185,133.39017128944397,polaris-gpu,16,64,4,True,2,4
float,128,128,128,-no-reorder,-a2a,-p2p_pl,-pencils,-r2c_dir 0,2 2 4,8 2 1,2,0.5714285714285714,0.0714285714285714,0.0,cufft,-107.792,135.93172907829285,polaris-gpu,16,64,4,True,2,4
double,128,128,128,-no-reorder,-a2av,-p2p_pl,-pencils,-r2c_dir 1,2 2 4,4 4 1,2,0.5714285714285714,0.2142857142857142,0.0,cufft,-89.1689,135.9241166114807,polaris-gpu,16,64,4,True,3,4
float,128,128,128,-no-reorder,-a2av, ,-pencils,-r2c_dir 2,2 2 4,4 4 1,2,0.5714285714285714,0.2142857142857142,0.0,cufft,-73.4483,138.4439570903778,polaris-gpu,16,64,4,True,2,4
float,128,128,128,-no-reorder,-a2a,-p2p_pl,-pencils,-r2c_dir 0,2 2 4,4 4 1,2,0.5714285714285714,0.2142857142857142,0.0,cufft,-119.343,138.3844141960144,polaris-gpu,16,64,4,True,3,4
double,128,128,128,-no-reorder, ,-p2p_pl,-pencils,-r2c_dir 0,2 2 4,4 4 1,2,0.5714285714285714,0.2142857142857142,0.0,cufft,-115.206,140.82022786140442,polaris-gpu,16,64,4,True,2,4
float,128,128,128,-no-reorder,-a2a,-p2p_pl,-pencils,-r2c_dir 0,2 2 4,8 2 1,2,0.5714285714285714,0.0714285714285714,0.0,cufft,-104.364,140.873272895813,polaris-gpu,16,64,4,True,3,4
float,128,128,128,-no-reorder, ,-p2p_pl,-pencils,-r2c_dir 2,2 2 4,4 4 1,2,0.5714285714285714,0.2142857142857142,0.0,cufft,-79.6847,143.3193097114563,polaris-gpu,16,64,4,True,2,4
float,128,128,128,-no-reorder,-a2a,-p2p_pl,-pencils,-r2c_dir 0,2 2 4,4 4 1,2,0.5714285714285714,0.2142857142857142,0.0,cufft,-119.823,143.32381463050842,polaris-gpu,16,64,4,True,3,4
double,128,128,128,-no-reorder, ,-p2p_pl,-pencils,-r2c_dir 0,2 2 4,4 4 1,2,0.5714285714285714,0.2142857142857142,0.0,cufft,-115.804,145.71598196029663,polaris-gpu,16,64,4,True,2,4
double,128,128,128,-no-reorder, ,-p2p_pl,-pencils,-r2c_dir 0,2 2 4,8 2 1,2,0.5714285714285714,0.0714285714285714,0.0,cufft,-97.1316,145.81603813171387,polaris-gpu,16,64,4,True,3,4
float,128,128,128,-no-reorder, , ,-pencils,-r2c_dir 0,4 4 1,4 4 1,16,0.2142857142857142,0.2142857142857142,1.0,cufft,-3.24151,8.254528522491455,polaris-gpu,16,64,4,True,2,4
float,128,128,128,-no-reorder, , ,-pencils,-r2c_dir 1,4 4 1,2 2 4,4,0.2142857142857142,0.5714285714285714,0.25,cufft,-3.96262,9.007108926773071,polaris-gpu,16,64,4,True,3,4
float,128,128,128,-no-reorder, ,-p2p_pl,-slabs,-r2c_dir 0,4 2 2,4 2 2,8,0.2857142857142857,0.2857142857142857,0.5,cufft,-1.06566,8.255850791931152,polaris-gpu,16,64,4,True,4,4
float,128,128,128,-no-reorder,-a2a,-p2p_pl,-slabs,-r2c_dir 0,4 4 1,8 2 1,2,0.2142857142857142,0.0714285714285714,0.0,cufft,-4.03279,9.857438564300535,polaris-gpu,16,64,4,True,5,4
float,128,128,128,-reorder,-a2av,-p2p_pl,-pencils,-r2c_dir 2,4 2 2,2 2 4,12,0.2857142857142857,0.5714285714285714,0.75,cufft,1.0,18.640695095062256,polaris-gpu,16,64,4,True,2,4
double,128,128,128,-reorder,-a2av,-p2p,-pencils,-r2c_dir 2,4 2 2,8 2 1,2,0.2857142857142857,0.0714285714285714,0.0,cufft,-3.00831,13.17057752609253,polaris-gpu,16,64,4,True,3,4
double,128,128,128,-reorder,-a2a,-p2p_pl,-pencils,-r2c_dir 0,16 1 1,4 4 1,16,0.0,0.2142857142857142,1.0,cufft,-5.40251,15.137335062026978,polaris-gpu,16,64,4,True,4,4
double,128,128,128,-no-reorder, ,-p2p_pl,-slabs,-r2c_dir 2,4 2 2,2 2 4,4,0.2857142857142857,0.5714285714285714,0.25,cufft,-5.75335,15.787643909454346,polaris-gpu,16,64,4,True,5,4
float,128,128,128,-no-reorder,-a2a,-p2p,-pencils,-r2c_dir 0,8 2 1,4 4 1,8,0.0714285714285714,0.2142857142857142,0.5,cufft,-8.42966,17.00481414794922,polaris-gpu,16,64,4,True,3,4
double,128,128,128,-reorder,-a2a,-p2p_pl,-pencils,-r2c_dir 2,8 2 1,8 2 1,4,0.0714285714285714,0.0714285714285714,0.25,cufft,-4.32304,19.44083547592163,polaris-gpu,16,64,4,True,4,4
double,128,128,128,-no-reorder, ,-p2p_pl,-pencils,-r2c_dir 0,16 1 1,4 4 1,12,0.0,0.2142857142857142,0.75,cufft,-12.5273,20.15878391265869,polaris-gpu,16,64,4,True,3,4
float,128,128,128,-no-reorder,-a2a,-p2p,-pencils,-r2c_dir 2,8 2 1,4 2 2,2,0.0714285714285714,0.2857142857142857,0.0,cufft,1.0,29.2866599559784,polaris-gpu,16,64,4,True,2,4
float,128,128,128,-no-reorder,-a2a,-p2p,-pencils,-r2c_dir 0,16 1 1,4 4 1,4,0.0,0.2142857142857142,0.25,cufft,-1.19771,26.242374420166016,polaris-gpu,16,64,4,True,3,4
double,128,128,128,-no-reorder,-a2av,-p2p_pl,-pencils,-r2c_dir 2,8 2 1,4 4 1,4,0.0714285714285714,0.2142857142857142,0.25,cufft,-4.45428,27.736523389816284,polaris-gpu,16,64,4,True,4,4
double,128,128,128,-no-reorder, ,-p2p_pl,-pencils,-r2c_dir 1,16 1 1,4 4 1,8,0.0,0.2142857142857142,0.5,cufft,-2.8347,27.535510063171387,polaris-gpu,16,64,4,True,5,4
double,128,128,128,-reorder, ,-p2p_pl,-pencils,-r2c_dir 0,16 1 1,8 2 1,8,0.0,0.0714285714285714,0.5,cufft,-8.79206,29.86865735054016,polaris-gpu,16,64,4,True,3,4
double,128,128,128,-no-reorder, ,-p2p,-slabs,-r2c_dir 1,16 1 1,4 4 1,2,0.0,0.2142857142857142,0.0,cufft,-0.688048,39.05293583869934,polaris-gpu,16,64,4,True,4,4
double,128,128,128,-no-reorder,-a2av,-p2p_pl,-pencils,-r2c_dir 1,8 2 1,4 4 1,2,0.0714285714285714,0.2142857142857142,0.0,cufft,-1.60635,37.00675392150879,polaris-gpu,16,64,4,True,2,4
double,128,128,128,-no-reorder, ,-p2p_pl,-pencils,-r2c_dir 0,16 1 1,8 2 1,16,0.0,0.0714285714285714,1.0,cufft,-3.73801,37.85071039199829,polaris-gpu,16,64,4,True,3,4
double,128,128,128,-no-reorder, ,-p2p_pl,-pencils,-r2c_dir 0,8 2 1,16 1 1,8,0.0714285714285714,0.0,0.5,cufft,-4.3628,38.05147981643677,polaris-gpu,16,64,4,True,5,4
float,128,128,128,-reorder, ,-p2p_pl,-pencils,-r2c_dir 0,16 1 1,4 4 1,8,0.0,0.2142857142857142,0.5,cufft,1.0,48.71049118041992,polaris-gpu,16,64,4,True,2,4
double,128,128,128,-reorder,-a2av,-p2p_pl,-pencils,-r2c_dir 0,16 1 1,8 2 1,8,0.0,0.0714285714285714,0.5,cufft,-3.45097,45.26737833023071,polaris-gpu,16,64,4,True,3,4
double,128,128,128,-no-reorder, , ,-pencils,-r2c_dir 0,16 1 1,8 2 1,16,0.0,0.0714285714285714,1.0,cufft,-3.034,44.66738963127136,polaris-gpu,16,64,4,True,4,4
double,128,128,128,-no-reorder,-a2a,-p2p_pl,-pencils,-r2c_dir 0,16 1 1,8 2 1,12,0.0,0.0714285714285714,0.75,cufft,-8.63895,45.817349433898926,polaris-gpu,16,64,4,True,5,4
float,128,128,128,-reorder, ,-p2p_pl,-pencils,-r2c_dir 0,8 2 1,4 4 1,8,0.0714285714285714,0.2142857142857142,0.5,cufft,1.0,56.751096963882446,polaris-gpu,16,64,4,True,3,4
double,128,128,128,-reorder, ,-p2p,-pencils,-r2c_dir 0,16 1 1,2 2 4,12,0.0,0.5714285714285714,0.75,cufft,-1.78292,54.620567083358765,polaris-gpu,16,64,4,True,2,4
double,128,128,128,-no-reorder,-a2a,-p2p_pl,-pencils,-r2c_dir 0,16 1 1,4 4 1,2,0.0,0.2142857142857142,0.0,cufft,-1.44869,55.01975893974304,polaris-gpu,16,64,4,True,4,4
double,128,128,128,-no-reorder, ,-p2p,-slabs,-r2c_dir 2,16 1 1,4 4 1,12,0.0,0.2142857142857142,0.75,cufft,-4.79325,55.640007972717285,polaris-gpu,16,64,4,True,5,4
double,128,128,128,-no-reorder,-a2av,-p2p_pl,-pencils,-r2c_dir 1,16 1 1,16 1 1,12,0.0,0.0,0.75,cufft,-7.87806,58.90169811248779,polaris-gpu,16,64,4,True,2,4
double,128,128,128,-no-reorder,-a2a,-p2p,-pencils,-r2c_dir 0,16 1 1,8 2 1,12,0.0,0.0714285714285714,0.75,cufft,-4.23647,63.3778977394104,polaris-gpu,16,64,4,True,2,4
double,128,128,128,-no-reorder,-a2a,-p2p_pl,-pencils,-r2c_dir 0,16 1 1,8 2 1,16,0.0,0.0714285714285714,1.0,cufft,-6.42973,63.17735433578491,polaris-gpu,16,64,4,True,3,4
double,128,128,128,-no-reorder, ,-p2p_pl,-pencils,-r2c_dir 2,16 1 1,8 2 1,12,0.0,0.0714285714285714,0.75,cufft,-1.7287,67.31503057479858,polaris-gpu,16,64,4,True,4,4
double,128,128,128,-no-reorder,-a2a,-p2p_pl,-pencils,-r2c_dir 0,16 1 1,16 1 1,12,0.0,0.0,0.75,cufft,-1.72482,67.11344027519226,polaris-gpu,16,64,4,True,5,4
double,128,128,128,-reorder, ,-p2p_pl,-pencils,-r2c_dir 0,16 1 1,4 4 1,12,0.0,0.2142857142857142,0.75,cufft,-5.2259,68.27827286720276,polaris-gpu,16,64,4,True,2,4
double,128,128,128,-no-reorder, ,-p2p_pl,-pencils,-r2c_dir 0,16 1 1,4 4 1,12,0.0,0.2142857142857142,0.75,cufft,-9.0604,69.16974949836731,polaris-gpu,16,64,4,True,3,4
float,128,128,128,-no-reorder, ,-p2p,-pencils,-r2c_dir 0,16 1 1,16 1 1,12,0.0,0.0,0.75,cufft,-3.9815,71.59470558166504,polaris-gpu,16,64,4,True,2,4
double,128,128,128,-reorder,-a2av,-p2p_pl,-slabs,-r2c_dir 0,16 1 1,4 4 1,12,0.0,0.2142857142857142,0.75,cufft,-2.99629,75.55892705917358,polaris-gpu,16,64,4,True,3,4
double,128,128,128,-no-reorder, ,-p2p_pl,-pencils,-r2c_dir 0,16 1 1,4 2 2,12,0.0,0.2857142857142857,0.75,cufft,-3.02558,74.65802025794983,polaris-gpu,16,64,4,True,4,4
double,128,128,128,-no-reorder, ,-p2p_pl,-pencils,-r2c_dir 1,2 2 4,4 4 1,12,0.5714285714285714,0.2142857142857142,0.75,cufft,-11.3374,75.80008459091187,polaris-gpu,16,64,4,True,2,4
double,128,128,128,-no-reorder, ,-p2p_pl,-pencils,-r2c_dir 2,16 1 1,4 4 1,12,0.0,0.2142857142857142,0.75,cufft,-8.49343,76.9585919380188,polaris-gpu,16,64,4,True,5,4
float,128,128,128,-no-reorder, ,-p2p_pl,-pencils,-r2c_dir 0,16 1 1,4 4 1,12,0.0,0.2142857142857142,0.75,cufft,-12.9732,78.32492017745972,polaris-gpu,16,64,4,True,2,4
double,128,128,128,-no-reorder,-a2a, ,-pencils,-r2c_dir 0,4 4 1,4 4 1,12,0.2142857142857142,0.2142857142857142,0.75,cufft,1.0,88.68937134742737,polaris-gpu,16,64,4,True,2,4
double,128,128,128,-no-reorder,-a2a,-p2p_pl,-pencils,-r2c_dir 1,8 2 1,4 4 1,12,0.0714285714285714,0.2142857142857142,0.75,cufft,-10.1089,81.30616688728333,polaris-gpu,16,64,4,True,3,4
float,128,128,128,-no-reorder, , ,-pencils,-r2c_dir 0,16 1 1,8 2 1,12,0.0,0.0714285714285714,0.75,cufft,-3.95457,85.1879677772522,polaris-gpu,16,64,4,True,4,4
double,128,128,128,-no-reorder, ,-p2p_pl,-pencils,-r2c_dir 0,4 4 1,4 4 1,12,0.2142857142857142,0.2142857142857142,0.75,cufft,-6.98434,84.03644585609436,polaris-gpu,16,64,4,True,5,4
double,128,128,128,-no-reorder, ,-p2p_pl,-pencils,-r2c_dir 0,4 4 1,4 4 1,12,0.2142857142857142,0.2142857142857142,0.75,cufft,-10.3597,85.81830668449402,polaris-gpu,16,64,4,True,3,4
double,128,128,128,-no-reorder, ,-p2p_pl,-pencils,-r2c_dir 1,4 2 2,4 4 1,12,0.2857142857142857,0.2142857142857142,0.75,cufft,-25.9513,87.8959333896637,polaris-gpu,16,64,4,True,3,4
float,128,128,128,-no-reorder,-a2av,-p2p_pl,-pencils,-r2c_dir 0,4 2 2,4 4 1,12,0.2857142857142857,0.2142857142857142,0.75,cufft,-8.73753,91.2356858253479,polaris-gpu,16,64,4,True,2,4
float,128,128,128,-no-reorder,-a2a,-p2p_pl,-pencils,-r2c_dir 0,8 2 1,4 4 1,12,0.0714285714285714,0.2142857142857142,0.75,cufft,-8.8274,91.53595566749571,polaris-gpu,16,64,4,True,3,4
float,128,128,128,-no-reorder, ,-p2p_pl,-pencils,-r2c_dir 1,2 2 4,4 4 1,12,0.5714285714285714,0.2142857142857142,0.75,cufft,-9.8591,93.9106650352478,polaris-gpu,16,64,4,True,2,4
double,128,128,128,-no-reorder,-a2av,-p2p_pl,-pencils,-r2c_dir 1,4 2 2,4 4 1,12,0.2857142857142857,0.2142857142857142,0.75,cufft,-8.42038,93.96036028862,polaris-gpu,16,64,4,True,4,4
double,128,128,128,-no-reorder,-a2av, ,-pencils,-r2c_dir 1,2 2 4,4 4 1,12,0.5714285714285714,0.2142857142857142,0.75,cufft,-15.5857,94.98719334602356,polaris-gpu,16,64,4,True,3,4
float,128,128,128,-no-reorder, ,-p2p_pl,-pencils,-r2c_dir 1,2 2 4,8 2 1,12,0.5714285714285714,0.0714285714285714,0.75,cufft,-17.7237,96.5125856399536,polaris-gpu,16,64,4,True,2,4
double,128,128,128,-reorder, ,-p2p_pl,-pencils,-r2c_dir 0,2 2 4,4 4 1,12,0.5714285714285714,0.2142857142857142,0.75,cufft,-20.4877,99.4858169555664,polaris-gpu,16,64,4,True,2,4
double,128,128,128,-no-reorder,-a2av, ,-pencils,-r2c_dir 1,2 2 4,4 4 1,12,0.5714285714285714,0.2142857142857142,0.75,cufft,-12.7594,99.7861795425415,polaris-gpu,16,64,4,True,3,4
double,128,128,128,-no-reorder, ,-p2p,-pencils,-r2c_dir 1,2 2 4,16 1 1,12,0.5714285714285714,0.0,0.75,cufft,-2.97443,103.26615858078004,polaris-gpu,16,64,4,True,4,4
float,128,128,128,-no-reorder,-a2a,-p2p_pl,-pencils,-r2c_dir 1,2 2 4,4 4 1,12,0.5714285714285714,0.2142857142857142,0.75,cufft,-14.2981,102.01463603973389,polaris-gpu,16,64,4,True,5,4
double,128,128,128,-no-reorder, ,-p2p_pl,-pencils,-r2c_dir 0,2 2 4,8 2 1,12,0.5714285714285714,0.0714285714285714,0.75,cufft,-34.5421,103.56158876419067,polaris-gpu,16,64,4,True,2,4
float,128,128,128,-no-reorder, , ,-pencils,-r2c_dir 0,2 2 4,4 4 1,12,0.5714285714285714,0.2142857142857142,0.75,cufft,-43.6872,104.67453980445862,polaris-gpu,16,64,4,True,3,4
double,128,128,128,-no-reorder, ,-p2p_pl,-pencils,-r2c_dir 1,2 2 4,4 4 1,2,0.5714285714285714,0.2142857142857142,0.0,cufft,-2.28425,108.57170057296752,polaris-gpu,16,64,4,True,2,4
double,128,128,128,-no-reorder,-a2av,-p2p_pl,-pencils,-r2c_dir 2,2 2 4,16 1 1,4,0.5714285714285714,0.0,0.25,cufft,-1.51613,113.00446557998656,polaris-gpu,16,64,4,True,3,4
double,128,128,128,-no-reorder,-a2av,-p2p_pl,-pencils,-r2c_dir 1,2 2 4,16 1 1,12,0.5714285714285714,0.0,0.75,cufft,-1.80084,111.30360436439514,polaris-gpu,16,64,4,True,4,4
float,128,128,128,-no-reorder, , ,-pencils,-r2c_dir 0,2 2 4,4 4 1,8,0.5714285714285714,0.2142857142857142,0.5,cufft,-5.98573,112.52348971366882,polaris-gpu,16,64,4,True,5,4
float,128,128,128,-no-reorder, , ,-slabs,-r2c_dir 0,2 2 4,16 1 1,12,0.5714285714285714,0.0,0.75,cufft,-9.14361,113.87602043151855,polaris-gpu,16,64,4,True,2,4
double,128,128,128,-no-reorder,-a2a, ,-pencils,-r2c_dir 0,2 2 4,4 4 1,12,0.5714285714285714,0.2142857142857142,0.75,cufft,-32.1219,114.68347072601318,polaris-gpu,16,64,4,True,4,4
double,128,128,128,-reorder, ,-p2p,-pencils,-r2c_dir 0,2 2 4,8 2 1,12,0.5714285714285714,0.0714285714285714,0.75,cufft,-34.2753,116.33134508132936,polaris-gpu,16,64,4,True,2,4
float,128,128,128,-no-reorder,-a2a, ,-pencils,-r2c_dir 0,2 2 4,2 2 4,12,0.5714285714285714,0.5714285714285714,0.75,cufft,-11.538,120.01207756996156,polaris-gpu,16,64,4,True,2,4
float,128,128,128,-no-reorder,-a2a,-p2p,-pencils,-r2c_dir 0,2 2 4,4 2 2,12,0.5714285714285714,0.2857142857142857,0.75,cufft,-13.5605,119.41144132614136,polaris-gpu,16,64,4,True,3,4
double,128,128,128,-no-reorder, , ,-pencils,-r2c_dir 0,2 2 4,8 2 1,12,0.5714285714285714,0.0714285714285714,0.75,cufft,-13.2807,122.01257109642027,polaris-gpu,16,64,4,True,3,4
double,128,128,128,-reorder, ,-p2p_pl,-pencils,-r2c_dir 0,2 2 4,8 2 1,16,0.5714285714285714,0.0714285714285714,1.0,cufft,-9.53461,122.41434836387634,polaris-gpu,16,64,4,True,4,4
float,128,128,128,-no-reorder, ,-p2p,-slabs,-r2c_dir 0,2 2 4,8 2 1,12,0.5714285714285714,0.0714285714285714,0.75,cufft,-6.32236,124.0542492866516,polaris-gpu,16,64,4,True,2,4
double,128,128,128,-reorder,-a2a,-p2p,-pencils,-r2c_dir 0,2 2 4,4 4 1,12,0.5714285714285714,0.2142857142857142,0.75,cufft,-44.7995,124.82779312133788,polaris-gpu,16,64,4,True,3,4
double,128,128,128,-no-reorder, , ,-pencils,-r2c_dir 0,2 2 4,8 2 1,12,0.5714285714285714,0.0714285714285714,0.75,cufft,-15.4277,127.62604522705078,polaris-gpu,16,64,4,True,2,4
float,128,128,128,-reorder, , ,-pencils,-r2c_dir 0,2 2 4,8 2 1,12,0.5714285714285714,0.0714285714285714,0.75,cufft,1.0,135.45947742462158,polaris-gpu,16,64,4,True,3,4
double,128,128,128,-reorder,-a2a,-p2p_pl,-pencils,-r2c_dir 0,2 2 4,8 2 1,2,0.5714285714285714,0.0714285714285714,0.0,cufft,-2.59596,132.5928168296814,polaris-gpu,16,64,4,True,2,4
double,128,128,128,-no-reorder, ,-p2p,-pencils,-r2c_dir 0,2 2 4,4 4 1,8,0.5714285714285714,0.2142857142857142,0.5,cufft,-2.24513,132.3433723449707,polaris-gpu,16,64,4,True,4,4
double,128,128,128,-no-reorder, , ,-pencils,-r2c_dir 0,2 2 4,8 2 1,12,0.5714285714285714,0.0714285714285714,0.75,cufft,-5.71975,132.80218625068665,polaris-gpu,16,64,4,True,5,4
double,128,128,128,-reorder,-a2a,-p2p,-pencils,-r2c_dir 0,2 2 4,4 4 1,12,0.5714285714285714,0.2142857142857142,0.75,cufft,-21.0248,136.0125913619995,polaris-gpu,16,64,4,True,2,4
double,128,128,128,-reorder, ,-p2p,-pencils,-r2c_dir 2,2 2 4,8 2 1,12,0.5714285714285714,0.0714285714285714,0.75,cufft,-5.41979,139.52245473861694,polaris-gpu,16,64,4,True,2,4
float,128,128,128,-no-reorder,-a2av,-p2p,-pencils,-r2c_dir 0,2 2 4,4 4 1,12,0.5714285714285714,0.2142857142857142,0.75,cufft,-10.6708,139.07173609733582,polaris-gpu,16,64,4,True,3,4
double,128,128,128,-no-reorder,-a2a,-p2p,-pencils,-r2c_dir 1,2 2 4,4 4 1,12,0.5714285714285714,0.2142857142857142,0.75,cufft,-20.0264,142.1380581855774,polaris-gpu,16,64,4,True,3,4
double,128,128,128,-reorder,-a2a,-p2p_pl,-pencils,-r2c_dir 0,2 2 4,4 4 1,12,0.5714285714285714,0.2142857142857142,0.75,cufft,-22.9963,141.78913259506226,polaris-gpu,16,64,4,True,4,4
float,128,128,128,-reorder,-a2a, ,-pencils,-r2c_dir 0,2 2 4,4 4 1,12,0.5714285714285714,0.2142857142857142,0.75,cufft,1.0,151.27458357810974,polaris-gpu,16,64,4,True,2,4
float,128,128,128,-no-reorder,-a2a, ,-pencils,-r2c_dir 0,2 2 4,4 4 1,12,0.5714285714285714,0.2142857142857142,0.75,cufft,-22.4915,144.80337810516355,polaris-gpu,16,64,4,True,3,4
double,128,128,128,-no-reorder,-a2a,-p2p_pl,-pencils,-r2c_dir 0,2 2 4,16 1 1,12,0.5714285714285714,0.0,0.75,cufft,-5.07184,148.72067403793335,polaris-gpu,16,64,4,True,3,4
double,128,128,128,-no-reorder, ,-p2p,-pencils,-r2c_dir 0,2 2 4,4 4 1,12,0.5714285714285714,0.2142857142857142,0.75,cufft,-7.40013,148.2209825515747,polaris-gpu,16,64,4,True,4,4
double,128,128,128,-no-reorder,-a2a, ,-slabs,-r2c_dir 0,2 2 4,4 4 1,2,0.5714285714285714,0.2142857142857142,0.0,cufft,-2.7701,151.83072471618652,polaris-gpu,16,64,4,True,5,4
float,128,128,128,-reorder,-a2a, ,-pencils,-r2c_dir 0,2 2 4,8 2 1,12,0.5714285714285714,0.0714285714285714,0.75,cufft,-14.0539,152.65269088745117,polaris-gpu,16,64,4,True,3,4
float,128,128,128,-no-reorder, ,-p2p_pl,-pencils,-r2c_dir 1,2 2 4,4 4 1,12,0.5714285714285714,0.2142857142857142,0.75,cufft,-20.7903,153.8663649559021,polaris-gpu,16,64,4,True,2,4
double,128,128,128,-reorder,-a2av,-p2p,-pencils,-r2c_dir 1,2 2 4,4 4 1,12,0.5714285714285714,0.2142857142857142,0.75,cufft,-18.4752,154.94145393371582,polaris-gpu,16,64,4,True,3,4
float,128,128,128,-no-reorder,-a2a, ,-pencils,-r2c_dir 0,2 2 4,4 4 1,12,0.5714285714285714,0.2142857142857142,0.75,cufft,-9.40532,158.4747235774994,polaris-gpu,16,64,4,True,2,4
double,128,128,128,-reorder,-a2a,-p2p,-pencils,-r2c_dir 0,2 2 4,8 2 1,12,0.5714285714285714,0.0714285714285714,0.75,cufft,-8.21118,158.62462878227234,polaris-gpu,16,64,4,True,3,4
float,128,128,128,-no-reorder, ,-p2p,-pencils,-r2c_dir 0,2 2 4,4 4 1,12,0.5714285714285714,0.2142857142857142,0.75,cufft,-9.25062,161.30632376670837,polaris-gpu,16,64,4,True,2,4
float,128,128,128,-reorder, ,-p2p,-pencils,-r2c_dir 0,2 2 4,4 2 2,12,0.5714285714285714,0.2857142857142857,0.75,cufft,1.0,168.53751516342163,polaris-gpu,16,64,4,True,4,4
double,128,128,128,-reorder, ,-p2p,-pencils,-r2c_dir 0,2 2 4,4 4 1,12,0.5714285714285714,0.2142857142857142,0.75,cufft,-21.7842,162.08690452575684,polaris-gpu,16,64,4,True,3,4
float,128,128,128,-no-reorder, ,-p2p_pl,-pencils,-r2c_dir 0,2 2 4,8 2 1,12,0.5714285714285714,0.0714285714285714,0.75,cufft,-22.3604,163.63107919692993,polaris-gpu,16,64,4,True,2,4
double,128,128,128,-reorder, , ,-pencils,-r2c_dir 0,2 2 4,4 4 1,12,0.5714285714285714,0.2142857142857142,0.75,cufft,-23.2827,165.2686426639557,polaris-gpu,16,64,4,True,2,4
float,128,128,128,-no-reorder, , ,-pencils,-r2c_dir 2,2 2 4,4 4 1,12,0.5714285714285714,0.2142857142857142,0.75,cufft,-4.37143,169.47828102111816,polaris-gpu,16,64,4,True,2,4
double,128,128,128,-reorder, ,-p2p_pl,-pencils,-r2c_dir 0,2 2 4,8 2 1,12,0.5714285714285714,0.0714285714285714,0.75,cufft,-15.4981,168.67868089675903,polaris-gpu,16,64,4,True,3,4
double,128,128,128,-reorder,-a2a,-p2p_pl,-pencils,-r2c_dir 0,2 2 4,4 4 1,12,0.5714285714285714,0.2142857142857142,0.75,cufft,-33.2033,169.93437147140503,polaris-gpu,16,64,4,True,5,4
