C0,P0,P1X,P1Y,P1Z,P2,P3,P4,P5,P6,P7,elapsed_sec,evaluation_sec,machine_identifier,mpi_ranks,threads_per_node,ranks_per_node,libE_id,libE_workers,gpu_enabled,FLOPS
cufft,float-long,1024,1024,1024,-no-reorder,-a2av,-slabs,-r2c_dir 1,-ingrid 1 4 2,-outgrid 2 4 1,75.02978467941284,73.52445793151855,polarisSlingshot11,8,64,4,3,4,True,-172.06
cufft,double-long,1024,1024,1024,-reorder,-a2a,-pencils,-r2c_dir 2,-ingrid 8 1 1,-outgrid 1 4 2,75.89170098304749,74.38638663291931,polarisSlingshot11,8,64,4,5,4,True,-175.349
cufft,double-long,1024,1024,1024,-no-reorder,-p2p_pl,-slabs,-r2c_dir 2,-ingrid 2 4 1,-outgrid 1 8 1,102.9278302192688,101.42350816726685,polarisSlingshot11,8,64,4,4,4,True,-101.72
cufft,float-long,1024,1024,1024,-reorder,-a2av,-slabs,-r2c_dir 0,-ingrid 1 8 1,-outgrid 2 1 4,130.29197001457214,52.93956756591797,polarisSlingshot11,8,64,4,5,4,True,-359.434
cufft,double-long,1024,1024,1024,-reorder,-a2a,-pencils,-r2c_dir 1,-ingrid 1 1 8,-outgrid 4 2 1,178.66855669021606,74.27419996261597,polarisSlingshot11,8,64,4,4,4,True,-176.293
cufft,double-long,1024,1024,1024,-no-reorder,-a2av,-pencils,-r2c_dir 0,-ingrid 2 2 2,-outgrid 2 2 2,185.2536745071411,183.74888443946838,polarisSlingshot11,8,64,4,2,4,True,-43.4337
cufft,double-long,1024,1024,1024,-reorder,-a2av,-pencils,-r2c_dir 0,-ingrid 2 2 2,-outgrid 2 4 1,224.88358354568481,149.2547824382782,polarisSlingshot11,8,64,4,3,4,True,-56.807
cufft,double-long,1024,1024,1024,-no-reorder,-a2av,-slabs,-r2c_dir 0,-ingrid 4 2 1,-outgrid 2 1 4,242.78106307983398,111.00067067146301,polarisSlingshot11,8,64,4,5,4,True,-86.6248
cufft,float-long,1024,1024,1024,-reorder,-p2p,-slabs,-r2c_dir 0,-ingrid 4 2 1,-outgrid 8 1 1,244.42671155929565,64.2702157497406,polarisSlingshot11,8,64,4,4,4,True,-213.005
cufft,float-long,1024,1024,1024,-reorder,-a2av,-slabs,-r2c_dir 2,-ingrid 1 4 2,-outgrid 4 1 2,256.2374541759491,69.47735095024109,polarisSlingshot11,8,64,4,2,4,True,-185.128
cufft,float-long,1024,1024,1024,-reorder,-a2av,-slabs,-r2c_dir 1,-ingrid 2 1 4,-outgrid 4 2 1,298.73866391181946,72.3596875667572,polarisSlingshot11,8,64,4,3,4,True,-170.936
cufft,float-long,1024,1024,1024,-reorder,-p2p,-slabs,-r2c_dir 0,-ingrid 2 1 4,-outgrid 2 1 4,311.2482213973999,65.29735445976257,polarisSlingshot11,8,64,4,4,4,True,-204.278
cufft,float-long,1024,1024,1024,-reorder,-a2av,-slabs,-r2c_dir 0,-ingrid 2 1 4,-outgrid 2 1 4,314.5927596092224,70.24867701530457,polarisSlingshot11,8,64,4,5,4,True,-180.455
cufft,float-long,1024,1024,1024,-reorder,-p2p_pl,-slabs,-r2c_dir 0,-ingrid 1 4 2,-outgrid 2 1 4,324.4240894317627,66.68620729446411,polarisSlingshot11,8,64,4,2,4,True,-203.76
cufft,float-long,1024,1024,1024,-reorder,-a2av,-slabs,-r2c_dir 0,-ingrid 2 2 2,-outgrid 2 1 4,370.46097803115845,70.19426536560059,polarisSlingshot11,8,64,4,3,4,True,-181.933
cufft,float-long,1024,1024,1024,-reorder,-a2av,-slabs,-r2c_dir 0,-ingrid 1 2 4,-outgrid 2 1 4,384.82350873947144,72.05915975570679,polarisSlingshot11,8,64,4,4,4,True,-180.084
cufft,float-long,1024,1024,1024,-reorder,-a2av,-slabs,-r2c_dir 0,-ingrid 4 2 1,-outgrid 2 1 4,388.08358573913574,71.95471858978271,polarisSlingshot11,8,64,4,5,4,True,-171.039
cufft,float-long,1024,1024,1024,-reorder,-a2av,-slabs,-r2c_dir 0,-ingrid 8 1 1,-outgrid 2 1 4,396.5491771697998,70.58357453346252,polarisSlingshot11,8,64,4,2,4,True,-180.168
cufft,float-long,1024,1024,1024,-reorder,-a2av,-pencils,-r2c_dir 0,-ingrid 1 8 1,-outgrid 2 1 4,425.097288608551,53.09099316596985,polarisSlingshot11,8,64,4,3,4,True,-358.66
cufft,float-long,1024,1024,1024,-reorder,-a2av,-slabs,-r2c_dir 0,-ingrid 1 1 8,-outgrid 2 1 4,456.71299743652344,70.33078837394714,polarisSlingshot11,8,64,4,4,4,True,-180.57
cufft,float-long,1024,1024,1024,-reorder,-a2av,-slabs,-r2c_dir 0,-ingrid 1 4 2,-outgrid 2 1 4,459.7924737930298,70.15703201293945,polarisSlingshot11,8,64,4,5,4,True,-181.49
cufft,float-long,1024,1024,1024,-reorder,-a2av,-slabs,-r2c_dir 0,-ingrid 2 4 1,-outgrid 2 1 4,469.9160780906677,71.82066082954407,polarisSlingshot11,8,64,4,2,4,True,-172.19
cufft,float-long,1024,1024,1024,-reorder,-a2av,-pencils,-r2c_dir 0,-ingrid 2 4 1,-outgrid 2 1 4,517.4711713790894,90.82701516151428,polarisSlingshot11,8,64,4,3,4,True,-113.175
cufft,float-long,1024,1024,1024,-reorder,-a2av,-pencils,-r2c_dir 0,-ingrid 1 2 4,-outgrid 2 1 4,542.7770030498505,71.33692812919617,polarisSlingshot11,8,64,4,2,4,True,-181.873
cufft,float-long,1024,1024,1024,-reorder,-a2av,-pencils,-r2c_dir 0,-ingrid 8 1 1,-outgrid 2 1 4,548.7533433437347,87.34739208221436,polarisSlingshot11,8,64,4,5,4,True,-121.393
cufft,float-long,1024,1024,1024,-reorder,-a2av,-pencils,-r2c_dir 0,-ingrid 4 2 1,-outgrid 2 1 4,549.8697416782379,91.57770681381226,polarisSlingshot11,8,64,4,4,4,True,-112.027
cufft,float-long,1024,1024,1024,-reorder,-a2av,-pencils,-r2c_dir 0,-ingrid 1 1 8,-outgrid 2 1 4,589.5013048648834,70.4027304649353,polarisSlingshot11,8,64,4,3,4,True,-180.688
cufft,float-long,1024,1024,1024,-reorder,-a2av,-pencils,-r2c_dir 1,-ingrid 8 1 1,-outgrid 2 1 4,622.6967470645905,70.68303537368774,polarisSlingshot11,8,64,4,5,4,True,-181.036
cufft,float-long,1024,1024,1024,-reorder,-p2p_pl,-pencils,-r2c_dir 0,-ingrid 4 1 2,-outgrid 2 1 4,623.4652655124664,79.02816963195801,polarisSlingshot11,8,64,4,2,4,True,-147.602
cufft,float-long,1024,1024,1024,-reorder,-a2av,-pencils,-r2c_dir 0,-ingrid 4 1 2,-outgrid 2 1 4,639.1879146099091,88.79847002029419,polarisSlingshot11,8,64,4,4,4,True,-117.015
cufft,float-long,1024,1024,1024,-reorder,-a2a,-pencils,-r2c_dir 0,-ingrid 1 8 1,-outgrid 2 1 4,679.2491264343262,53.267754793167114,polarisSlingshot11,8,64,4,5,4,True,-350.177
cufft,float-long,1024,1024,1024,-reorder,-a2av,-pencils,-r2c_dir 0,-ingrid 2 1 4,-outgrid 2 1 4,680.6247406005859,89.5194981098175,polarisSlingshot11,8,64,4,3,4,True,-117.278
cufft,float-long,1024,1024,1024,-reorder,-a2av,-pencils,-r2c_dir 1,-ingrid 1 1 8,-outgrid 2 1 4,694.0256850719452,69.6943850517273,polarisSlingshot11,8,64,4,2,4,True,-181.621
cufft,float-long,1024,1024,1024,-reorder,-a2av,-pencils,-r2c_dir 0,-ingrid 1 8 1,-outgrid 1 4 2,711.0184659957886,70.23857164382935,polarisSlingshot11,8,64,4,4,4,True,-180.754
cufft,float-long,1024,1024,1024,-reorder,-p2p,-pencils,-r2c_dir 0,-ingrid 1 8 1,-outgrid 2 1 4,732.692253112793,50.296555519104004,polarisSlingshot11,8,64,4,5,4,True,-406.964
cufft,float-long,1024,1024,1024,-reorder,-a2a,-pencils,-r2c_dir 2,-ingrid 1 8 1,-outgrid 2 1 4,733.9844062328339,53.161871671676636,polarisSlingshot11,8,64,4,3,4,True,-344.513
cufft,float-long,1024,1024,1024,-reorder,-p2p_pl,-pencils,-r2c_dir 0,-ingrid 1 8 1,-outgrid 2 1 4,747.0199155807495,51.392303705215454,polarisSlingshot11,8,64,4,2,4,True,-405.095
cufft,float-long,1024,1024,1024,-reorder,-p2p,-pencils,-r2c_dir 2,-ingrid 1 8 1,-outgrid 2 1 4,786.4406170845032,50.56810450553894,polarisSlingshot11,8,64,4,5,4,True,-403.171
cufft,float-long,1024,1024,1024,-reorder,-p2p_pl,-slabs,-r2c_dir 0,-ingrid 1 8 1,-outgrid 2 1 4,799.5567820072174,50.90119218826294,polarisSlingshot11,8,64,4,2,4,True,-406.217
cufft,float-long,1024,1024,1024,-reorder,-p2p,-pencils,-r2c_dir 1,-ingrid 1 8 1,-outgrid 2 1 4,821.8350591659546,87.54711890220642,polarisSlingshot11,8,64,4,3,4,True,-118.817
cufft,float-long,1024,1024,1024,-reorder,-a2a,-pencils,-r2c_dir 0,-ingrid 1 8 1,-outgrid 1 2 4,837.1421356201172,124.53360986709595,polarisSlingshot11,8,64,4,4,4,True,-70.9963
cufft,float-long,1024,1024,1024,-no-reorder,-p2p,-pencils,-r2c_dir 2,-ingrid 1 8 1,-outgrid 2 1 4,838.2044639587402,50.17100477218628,polarisSlingshot11,8,64,4,5,4,True,-410.232
cufft,float-long,1024,1024,1024,-reorder,-p2p,-slabs,-r2c_dir 0,-ingrid 1 8 1,-outgrid 2 1 4,851.6273984909058,50.40617275238037,polarisSlingshot11,8,64,4,2,4,True,-403.715
cufft,float-long,1024,1024,1024,-no-reorder,-p2p_pl,-slabs,-r2c_dir 0,-ingrid 1 8 1,-outgrid 2 1 4,874.6118745803833,51.101248025894165,polarisSlingshot11,8,64,4,3,4,True,-407.265
cufft,float-long,1024,1024,1024,-reorder,-p2p_pl,-pencils,-r2c_dir 2,-ingrid 1 8 1,-outgrid 2 1 4,891.3040897846222,50.977476596832275,polarisSlingshot11,8,64,4,5,4,True,-404.43
cufft,float-long,1024,1024,1024,-reorder,-p2p,-slabs,-r2c_dir 2,-ingrid 1 8 1,-outgrid 2 1 4,903.9212040901184,50.5462167263031,polarisSlingshot11,8,64,4,2,4,True,-399.163
cufft,double-long,1024,1024,1024,-reorder,-p2p_pl,-pencils,-r2c_dir 0,-ingrid 1 8 1,-outgrid 2 1 4,908.2222216129303,69.49584817886353,polarisSlingshot11,8,64,4,4,4,True,-203.232
cufft,float-long,1024,1024,1024,-reorder,-p2p_pl,-slabs,-r2c_dir 0,-ingrid 1 8 1,-outgrid 4 2 1,942.9118664264679,66.68476867675781,polarisSlingshot11,8,64,4,3,4,True,-203.584
cufft,float-long,1024,1024,1024,-no-reorder,-p2p_pl,-slabs,-r2c_dir 2,-ingrid 1 8 1,-outgrid 2 1 4,943.7761416435242,50.86579871177673,polarisSlingshot11,8,64,4,5,4,True,-407.371
cufft,float-long,1024,1024,1024,-no-reorder,-p2p,-slabs,-r2c_dir 2,-ingrid 1 8 1,-outgrid 2 1 4,956.238344669342,50.67452120780945,polarisSlingshot11,8,64,4,2,4,True,-408.782
cufft,double-long,1024,1024,1024,-reorder,-p2p,-pencils,-r2c_dir 2,-ingrid 1 8 1,-outgrid 2 1 4,978.4045302867889,68.51384544372559,polarisSlingshot11,8,64,4,4,4,True,-202.146
cufft,float-long,1024,1024,1024,-reorder,-p2p_pl,-slabs,-r2c_dir 2,-ingrid 1 8 1,-outgrid 2 1 4,997.1221063137054,50.88371467590332,polarisSlingshot11,8,64,4,5,4,True,-404.205
cufft,float-long,1024,1024,1024,-no-reorder,-p2p,-slabs,-r2c_dir 0,-ingrid 1 8 1,-outgrid 2 1 4,1008.3161883354187,50.4547963142395,polarisSlingshot11,8,64,4,2,4,True,-407.317
cufft,double-long,1024,1024,1024,-reorder,-p2p,-slabs,-r2c_dir 0,-ingrid 1 8 1,-outgrid 2 1 4,1012.837443113327,68.26055717468262,polarisSlingshot11,8,64,4,3,4,True,-203.685
cufft,float-long,1024,1024,1024,-no-reorder,-a2a,-pencils,-r2c_dir 2,-ingrid 1 8 1,-outgrid 2 1 4,1033.3907194137573,53.305887937545776,polarisSlingshot11,8,64,4,4,4,True,-352.066
cufft,float-long,1024,1024,1024,-reorder,-p2p_pl,-slabs,-r2c_dir 2,-ingrid 1 8 1,-outgrid 8 1 1,1049.6858520507812,50.94206738471985,polarisSlingshot11,8,64,4,5,4,True,-404.601
cufft,float-long,1024,1024,1024,-reorder,-a2av,-slabs,-r2c_dir 2,-ingrid 1 8 1,-outgrid 2 1 4,1067.6197047233582,53.08796453475952,polarisSlingshot11,8,64,4,3,4,True,-355.127
cufft,float-long,1024,1024,1024,-no-reorder,-a2a,-slabs,-r2c_dir 2,-ingrid 1 8 1,-outgrid 2 1 4,1088.434974193573,53.316617250442505,polarisSlingshot11,8,64,4,4,4,True,-351.781
cufft,float-long,1024,1024,1024,-no-reorder,-p2p_pl,-slabs,-r2c_dir 1,-ingrid 1 8 1,-outgrid 2 1 4,1090.1859774589539,80.19386506080627,polarisSlingshot11,8,64,4,2,4,True,-143.195
cufft,float-long,1024,1024,1024,-reorder,-p2p_pl,-slabs,-r2c_dir 2,-ingrid 1 8 1,-outgrid 1 8 1,1117.868982553482,66.5552978515625,polarisSlingshot11,8,64,4,5,4,True,-203.389
cufft,float-long,1024,1024,1024,-no-reorder,-a2av,-slabs,-r2c_dir 2,-ingrid 1 8 1,-outgrid 2 1 4,1122.4966430664062,53.25533843040466,polarisSlingshot11,8,64,4,3,4,True,-360.476
cufft,float-long,1024,1024,1024,-no-reorder,-p2p,-pencils,-r2c_dir 0,-ingrid 1 8 1,-outgrid 2 1 4,1142.2965366840363,50.398595094680786,polarisSlingshot11,8,64,4,2,4,True,-407.403
cufft,double-long,1024,1024,1024,-no-reorder,-p2p_pl,-slabs,-r2c_dir 2,-ingrid 1 8 1,-outgrid 2 1 4,1159.7495861053467,69.67155647277832,polarisSlingshot11,8,64,4,4,4,True,-202.889
cufft,float-long,1024,1024,1024,-reorder,-a2a,-slabs,-r2c_dir 2,-ingrid 1 8 1,-outgrid 2 1 4,1173.0656650066376,53.50986337661743,polarisSlingshot11,8,64,4,5,4,True,-344.603
cufft,float-long,1024,1024,1024,-no-reorder,-p2p_pl,-pencils,-r2c_dir 2,-ingrid 1 8 1,-outgrid 2 1 4,1175.4147310256958,51.20068669319153,polarisSlingshot11,8,64,4,3,4,True,-407.169
cufft,float-long,1024,1024,1024,-no-reorder,-a2av,-slabs,-r2c_dir 0,-ingrid 1 8 1,-outgrid 2 1 4,1215.8853816986084,54.42844605445862,polarisSlingshot11,8,64,4,4,4,True,-359.491
cufft,float-long,1024,1024,1024,-no-reorder,-a2a,-slabs,-r2c_dir 0,-ingrid 1 8 1,-outgrid 2 1 4,1227.8603456020355,53.173805236816406,polarisSlingshot11,8,64,4,5,4,True,-351.636
cufft,float-long,1024,1024,1024,-reorder,-a2av,-pencils,-r2c_dir 2,-ingrid 1 8 1,-outgrid 2 1 4,1231.5965394973755,54.558332204818726,polarisSlingshot11,8,64,4,3,4,True,-355.338
cufft,float-long,1024,1024,1024,-no-reorder,-p2p,-pencils,-r2c_dir 1,-ingrid 1 8 1,-outgrid 2 1 4,1232.1619808673859,88.24246788024902,polarisSlingshot11,8,64,4,2,4,True,-118.339
cufft,float-long,1024,1024,1024,-no-reorder,-p2p_pl,-pencils,-r2c_dir 0,-ingrid 1 8 1,-outgrid 2 1 4,1268.784217119217,51.12803769111633,polarisSlingshot11,8,64,4,4,4,True,-407.202
cufft,float-long,1024,1024,1024,-no-reorder,-a2av,-pencils,-r2c_dir 0,-ingrid 1 8 1,-outgrid 2 1 4,1286.5631144046783,53.22284746170044,polarisSlingshot11,8,64,4,2,4,True,-359.53
cufft,float-long,1024,1024,1024,-no-reorder,-a2av,-pencils,-r2c_dir 2,-ingrid 1 8 1,-outgrid 2 1 4,1288.0337736606598,53.03758263587952,polarisSlingshot11,8,64,4,3,4,True,-359.766
cufft,float-long,1024,1024,1024,-no-reorder,-p2p,-slabs,-r2c_dir 1,-ingrid 1 8 1,-outgrid 2 1 4,1307.9602444171906,78.3509259223938,polarisSlingshot11,8,64,4,5,4,True,-144.219
cufft,float-long,1024,1024,1024,-no-reorder,-a2a,-pencils,-r2c_dir 0,-ingrid 1 8 1,-outgrid 2 1 4,1323.8170144557953,53.304611682891846,polarisSlingshot11,8,64,4,4,4,True,-351.916
cufft,float-long,1024,1024,1024,-reorder,-a2a,-slabs,-r2c_dir 0,-ingrid 1 8 1,-outgrid 2 1 4,1343.4328005313873,53.44365334510803,polarisSlingshot11,8,64,4,3,4,True,-350.05
cufft,float-long,1024,1024,1024,-no-reorder,-p2p,-pencils,-r2c_dir 2,-ingrid 1 8 1,-outgrid 1 8 1,1353.60857629776,65.37557458877563,polarisSlingshot11,8,64,4,2,4,True,-204.362
cufft,double-long,1024,1024,1024,-no-reorder,-p2p,-pencils,-r2c_dir 0,-ingrid 1 8 1,-outgrid 2 1 4,1378.8173139095306,69.12725472450256,polarisSlingshot11,8,64,4,5,4,True,-204.671
cufft,float-long,1024,1024,1024,-reorder,-p2p_pl,-slabs,-r2c_dir 1,-ingrid 1 8 1,-outgrid 2 1 4,1405.521981716156,80.00167417526245,polarisSlingshot11,8,64,4,4,4,True,-143.412
cufft,float-long,1024,1024,1024,-reorder,-p2p,-pencils,-r2c_dir 0,-ingrid 1 8 1,-outgrid 4 1 2,1405.6289446353912,50.43713307380676,polarisSlingshot11,8,64,4,2,4,True,-403.853
cufft,double-long,1024,1024,1024,-no-reorder,-p2p_pl,-pencils,-r2c_dir 2,-ingrid 1 8 1,-outgrid 2 1 4,1414.7835159301758,69.65180516242981,polarisSlingshot11,8,64,4,3,4,True,-202.488
cufft,float-long,1024,1024,1024,-no-reorder,-p2p_pl,-slabs,-r2c_dir 2,-ingrid 1 8 1,-outgrid 2 2 2,1441.409987449646,60.95347213745117,polarisSlingshot11,8,64,4,5,4,True,-253.514
cufft,float-long,1024,1024,1024,-no-reorder,-p2p_pl,-slabs,-r2c_dir 2,-ingrid 1 8 1,-outgrid 4 1 2,1458.2823119163513,51.019495725631714,polarisSlingshot11,8,64,4,2,4,True,-405.79
cufft,float-long,1024,1024,1024,-reorder,-p2p,-slabs,-r2c_dir 2,-ingrid 1 8 1,-outgrid 1 1 8,1459.9098947048187,50.915356159210205,polarisSlingshot11,8,64,4,4,4,True,-398.818
cufft,float-long,1024,1024,1024,-reorder,-p2p_pl,-slabs,-r2c_dir 0,-ingrid 1 8 1,-outgrid 8 1 1,1467.4699566364288,51.065486669540405,polarisSlingshot11,8,64,4,3,4,True,-406.137
cufft,float-long,1024,1024,1024,-reorder,-p2p_pl,-pencils,-r2c_dir 2,-ingrid 1 8 1,-outgrid 8 1 1,1494.0664575099945,51.04222345352173,polarisSlingshot11,8,64,4,5,4,True,-404.274
cufft,float-long,1024,1024,1024,-reorder,-p2p,-slabs,-r2c_dir 0,-ingrid 1 8 1,-outgrid 8 1 1,1519.9052419662476,50.83141088485718,polarisSlingshot11,8,64,4,3,4,True,-403.538
cufft,float-long,1024,1024,1024,-reorder,-p2p,-slabs,-r2c_dir 2,-ingrid 1 8 1,-outgrid 2 4 1,1524.950050354004,63.42899203300476,polarisSlingshot11,8,64,4,4,4,True,-219.054
cufft,float-long,1024,1024,1024,-no-reorder,-p2p_pl,-slabs,-r2c_dir 2,-ingrid 1 8 1,-outgrid 1 4 2,1526.7737979888916,66.8876383304596,polarisSlingshot11,8,64,4,2,4,True,-212.168
cufft,float-long,1024,1024,1024,-reorder,-p2p_pl,-pencils,-r2c_dir 0,-ingrid 1 8 1,-outgrid 8 1 1,1546.6572268009186,50.84419846534729,polarisSlingshot11,8,64,4,5,4,True,-406.358
cufft,float-long,1024,1024,1024,-reorder,-a2av,-slabs,-r2c_dir 2,-ingrid 1 8 1,-outgrid 8 1 1,1574.629947423935,53.10290050506592,polarisSlingshot11,8,64,4,3,4,True,-354.886
cufft,float-long,1024,1024,1024,-reorder,-p2p,-slabs,-r2c_dir 2,-ingrid 1 8 1,-outgrid 8 1 1,1577.1939918994904,50.55731558799744,polarisSlingshot11,8,64,4,4,4,True,-398.608
cufft,float-long,1024,1024,1024,-no-reorder,-p2p_pl,-pencils,-r2c_dir 0,-ingrid 1 8 1,-outgrid 8 1 1,1579.6960639953613,51.35563254356384,polarisSlingshot11,8,64,4,2,4,True,-403.832
cufft,float-long,1024,1024,1024,-no-reorder,-p2p_pl,-slabs,-r2c_dir 0,-ingrid 1 8 1,-outgrid 8 1 1,1599.3051583766937,50.961601972579956,polarisSlingshot11,8,64,4,5,4,True,-405.179
cufft,float-long,1024,1024,1024,-reorder,-p2p,-pencils,-r2c_dir 2,-ingrid 1 8 1,-outgrid 8 1 1,1630.7419574260712,51.91843938827515,polarisSlingshot11,8,64,4,4,4,True,-400.192
cufft,float-long,1024,1024,1024,-reorder,-a2a,-slabs,-r2c_dir 2,-ingrid 1 8 1,-outgrid 8 1 1,1631.1833000183105,54.93269443511963,polarisSlingshot11,8,64,4,3,4,True,-345.549
cufft,float-long,1024,1024,1024,-no-reorder,-p2p_pl,-slabs,-r2c_dir 2,-ingrid 1 8 1,-outgrid 8 1 1,1651.939527273178,51.01069450378418,polarisSlingshot11,8,64,4,5,4,True,-407.263
cufft,float-long,1024,1024,1024,-reorder,-p2p,-pencils,-r2c_dir 0,-ingrid 1 8 1,-outgrid 8 1 1,1682.74960398674,50.31437611579895,polarisSlingshot11,8,64,4,2,4,True,-403.072
cufft,float-long,1024,1024,1024,-reorder,-a2av,-pencils,-r2c_dir 2,-ingrid 1 8 1,-outgrid 8 1 1,1688.1856434345245,53.35898041725159,polarisSlingshot11,8,64,4,4,4,True,-350.609
cufft,float-long,1024,1024,1024,-reorder,-a2a,-slabs,-r2c_dir 0,-ingrid 1 8 1,-outgrid 8 1 1,1688.521398305893,53.69484829902649,polarisSlingshot11,8,64,4,3,4,True,-345.249
cufft,float-long,1024,1024,1024,-no-reorder,-p2p,-slabs,-r2c_dir 2,-ingrid 1 8 1,-outgrid 8 1 1,1703.8203871250153,50.27301025390625,polarisSlingshot11,8,64,4,5,4,True,-406.387
cufft,float-long,1024,1024,1024,-no-reorder,-p2p,-slabs,-r2c_dir 0,-ingrid 1 8 1,-outgrid 8 1 1,1734.9698541164398,50.60502052307129,polarisSlingshot11,8,64,4,2,4,True,-403.336
cufft,float-long,1024,1024,1024,-no-reorder,-a2av,-pencils,-r2c_dir 2,-ingrid 1 8 1,-outgrid 8 1 1,1743.3335337638855,53.402865409851074,polarisSlingshot11,8,64,4,3,4,True,-359.863
cufft,float-long,1024,1024,1024,-reorder,-a2a,-pencils,-r2c_dir 0,-ingrid 1 8 1,-outgrid 8 1 1,1745.3208675384521,53.63690948486328,polarisSlingshot11,8,64,4,4,4,True,-343.692
cufft,float-long,1024,1024,1024,-no-reorder,-p2p,-pencils,-r2c_dir 2,-ingrid 1 8 1,-outgrid 8 1 1,1756.300428390503,50.71711182594299,polarisSlingshot11,8,64,4,5,4,True,-406.681
cufft,float-long,1024,1024,1024,-no-reorder,-a2av,-slabs,-r2c_dir 0,-ingrid 1 8 1,-outgrid 8 1 1,1789.7946593761444,53.09455370903015,polarisSlingshot11,8,64,4,2,4,True,-357.534
cufft,float-long,1024,1024,1024,-no-reorder,-p2p,-pencils,-r2c_dir 0,-ingrid 1 8 1,-outgrid 8 1 1,1795.772117614746,50.803518295288086,polarisSlingshot11,8,64,4,3,4,True,-399.958
cufft,float-long,1024,1024,1024,-reorder,-a2a,-pencils,-r2c_dir 2,-ingrid 1 8 1,-outgrid 8 1 1,1800.5372893810272,53.58291983604431,polarisSlingshot11,8,64,4,4,4,True,-342.355
cufft,float-long,1024,1024,1024,-no-reorder,-a2av,-slabs,-r2c_dir 2,-ingrid 1 8 1,-outgrid 8 1 1,1811.1383669376373,53.09152412414551,polarisSlingshot11,8,64,4,5,4,True,-358.621
cufft,float-long,1024,1024,1024,-reorder,-a2av,-pencils,-r2c_dir 0,-ingrid 1 8 1,-outgrid 8 1 1,1844.5578985214233,53.06190729141235,polarisSlingshot11,8,64,4,2,4,True,-359.169
cufft,float-long,1024,1024,1024,-no-reorder,-a2a,-slabs,-r2c_dir 0,-ingrid 1 8 1,-outgrid 8 1 1,1851.72780752182,54.32684588432312,polarisSlingshot11,8,64,4,3,4,True,-340.91
cufft,float-long,1024,1024,1024,-no-reorder,-a2av,-pencils,-r2c_dir 0,-ingrid 1 8 1,-outgrid 8 1 1,1867.0875413417816,54.353171586990356,polarisSlingshot11,8,64,4,5,4,True,-353.898
cufft,float-long,1024,1024,1024,-reorder,-p2p,-pencils,-r2c_dir 0,-ingrid 1 8 1,-outgrid 2 2 2,1868.150936126709,65.9057846069336,polarisSlingshot11,8,64,4,4,4,True,-204.851
cufft,float-long,1024,1024,1024,-reorder,-a2av,-slabs,-r2c_dir 0,-ingrid 1 8 1,-outgrid 8 1 1,1899.0656774044037,52.89711833000183,polarisSlingshot11,8,64,4,2,4,True,-358.912
cufft,float-long,1024,1024,1024,-no-reorder,-a2a,-pencils,-r2c_dir 0,-ingrid 1 8 1,-outgrid 8 1 1,1907.5799329280853,54.151586055755615,polarisSlingshot11,8,64,4,3,4,True,-339.331
cufft,float-long,1024,1024,1024,-no-reorder,-a2a,-pencils,-r2c_dir 2,-ingrid 1 8 1,-outgrid 8 1 1,1921.657691001892,52.95479464530945,polarisSlingshot11,8,64,4,4,4,True,-348.447
cufft,float-long,1024,1024,1024,-no-reorder,-a2a,-slabs,-r2c_dir 2,-ingrid 1 8 1,-outgrid 8 1 1,1925.458999633789,55.113141775131226,polarisSlingshot11,8,64,4,5,4,True,-349.46
cufft,float-long,1024,1024,1024,-no-reorder,-p2p_pl,-pencils,-r2c_dir 2,-ingrid 1 8 1,-outgrid 1 1 8,1960.5456578731537,51.23834300041199,polarisSlingshot11,8,64,4,3,4,True,-407.469
cufft,float-long,1024,1024,1024,-no-reorder,-p2p,-slabs,-r2c_dir 0,-ingrid 1 8 1,-outgrid 2 4 1,1966.4718618392944,65.79829597473145,polarisSlingshot11,8,64,4,2,4,True,-205.059
cufft,float-long,1024,1024,1024,-no-reorder,-p2p,-slabs,-r2c_dir 2,-ingrid 1 8 1,-outgrid 1 4 2,1991.2566616535187,64.10746335983276,polarisSlingshot11,8,64,4,5,4,True,-214.413
cufft,double-long,1024,1024,1024,-no-reorder,-p2p_pl,-slabs,-r2c_dir 0,-ingrid 1 8 1,-outgrid 8 1 1,1993.1302065849304,69.7693030834198,polarisSlingshot11,8,64,4,4,4,True,-202.734
cufft,float-long,1024,1024,1024,-no-reorder,-p2p_pl,-pencils,-r2c_dir 2,-ingrid 1 8 1,-outgrid 2 2 2,2023.4773659706116,61.23714780807495,polarisSlingshot11,8,64,4,3,4,True,-252.764
cufft,float-long,1024,1024,1024,-no-reorder,-p2p_pl,-pencils,-r2c_dir 2,-ingrid 1 8 1,-outgrid 1 8 1,2035.014549255371,66.90659189224243,polarisSlingshot11,8,64,4,2,4,True,-203.516
cufft,float-long,1024,1024,1024,-no-reorder,-p2p_pl,-slabs,-r2c_dir 2,-ingrid 1 8 1,-outgrid 1 1 8,2047.1498529911041,52.3817720413208,polarisSlingshot11,8,64,4,4,4,True,-406.663
cufft,float-long,1024,1024,1024,-no-reorder,-p2p,-pencils,-r2c_dir 2,-ingrid 1 8 1,-outgrid 4 2 1,2058.075851202011,65.17983508110046,polarisSlingshot11,8,64,4,5,4,True,-205.93
cufft,float-long,1024,1024,1024,-no-reorder,-p2p_pl,-slabs,-r2c_dir 0,-ingrid 1 8 1,-outgrid 1 1 8,2076.355786085129,51.254294872283936,polarisSlingshot11,8,64,4,3,4,True,-407.533
cufft,float-long,1024,1024,1024,-reorder,-p2p_pl,-pencils,-r2c_dir 2,-ingrid 1 8 1,-outgrid 1 1 8,2099.7813868522644,50.993407011032104,polarisSlingshot11,8,64,4,4,4,True,-405.799
cufft,float-long,1024,1024,1024,-no-reorder,-p2p,-pencils,-r2c_dir 1,-ingrid 1 8 1,-outgrid 8 1 1,2111.7791895866394,75.13759231567383,polarisSlingshot11,8,64,4,2,4,True,-156.859
cufft,float-long,1024,1024,1024,-no-reorder,-a2av,-slabs,-r2c_dir 2,-ingrid 1 8 1,-outgrid 1 1 8,2112.6551263332367,52.872854471206665,polarisSlingshot11,8,64,4,5,4,True,-361.403
cufft,float-long,1024,1024,1024,-no-reorder,-p2p_pl,-pencils,-r2c_dir 0,-ingrid 1 8 1,-outgrid 1 1 8,2129.0807478427887,51.090675830841064,polarisSlingshot11,8,64,4,3,4,True,-407.401
cufft,float-long,1024,1024,1024,-reorder,-p2p_pl,-slabs,-r2c_dir 2,-ingrid 1 8 1,-outgrid 1 1 8,2152.444681406021,51.00239872932434,polarisSlingshot11,8,64,4,4,4,True,-403.261
cufft,float-long,1024,1024,1024,-reorder,-p2p,-pencils,-r2c_dir 2,-ingrid 1 8 1,-outgrid 1 1 8,2163.813185453415,50.426175594329834,polarisSlingshot11,8,64,4,2,4,True,-401.218
cufft,float-long,1024,1024,1024,-no-reorder,-a2a,-slabs,-r2c_dir 0,-ingrid 1 8 1,-outgrid 1 1 8,2168.277265071869,53.20248532295227,polarisSlingshot11,8,64,4,5,4,True,-355.367
cufft,float-long,1024,1024,1024,-reorder,-p2p_pl,-pencils,-r2c_dir 0,-ingrid 1 8 1,-outgrid 1 1 8,2181.748928308487,51.06455373764038,polarisSlingshot11,8,64,4,3,4,True,-406.87
cufft,float-long,1024,1024,1024,-reorder,-p2p_pl,-slabs,-r2c_dir 0,-ingrid 1 8 1,-outgrid 1 1 8,2205.225404024124,51.11433410644531,polarisSlingshot11,8,64,4,4,4,True,-405.61
cufft,float-long,1024,1024,1024,-no-reorder,-p2p,-pencils,-r2c_dir 2,-ingrid 1 8 1,-outgrid 1 1 8,2216.005268573761,50.523096323013306,polarisSlingshot11,8,64,4,2,4,True,-407.716
cufft,float-long,1024,1024,1024,-no-reorder,-a2av,-pencils,-r2c_dir 2,-ingrid 1 8 1,-outgrid 1 1 8,2222.5857439041138,52.71028232574463,polarisSlingshot11,8,64,4,5,4,True,-360.493
cufft,float-long,1024,1024,1024,-reorder,-a2av,-slabs,-r2c_dir 2,-ingrid 1 8 1,-outgrid 1 1 8,2236.567694425583,53.21626949310303,polarisSlingshot11,8,64,4,3,4,True,-357.361
cufft,float-long,1024,1024,1024,-reorder,-p2p,-slabs,-r2c_dir 0,-ingrid 1 8 1,-outgrid 1 1 8,2257.48473572731,50.526106119155884,polarisSlingshot11,8,64,4,4,4,True,-402.845
cufft,float-long,1024,1024,1024,-no-reorder,-p2p,-pencils,-r2c_dir 0,-ingrid 1 8 1,-outgrid 1 1 8,2267.9658975601196,50.363006591796875,polarisSlingshot11,8,64,4,2,4,True,-408.011
cufft,float-long,1024,1024,1024,-reorder,-a2a,-pencils,-r2c_dir 2,-ingrid 1 8 1,-outgrid 1 1 8,2277.885707616806,53.710121631622314,polarisSlingshot11,8,64,4,5,4,True,-342.029
cufft,float-long,1024,1024,1024,-no-reorder,-p2p,-slabs,-r2c_dir 2,-ingrid 1 8 1,-outgrid 1 1 8,2288.6071462631226,50.42410326004028,polarisSlingshot11,8,64,4,3,4,True,-409.629
cufft,float-long,1024,1024,1024,-reorder,-p2p,-pencils,-r2c_dir 0,-ingrid 1 8 1,-outgrid 1 1 8,2309.4926705360413,50.34581208229065,polarisSlingshot11,8,64,4,4,4,True,-404.364
cufft,float-long,1024,1024,1024,-reorder,-a2av,-pencils,-r2c_dir 2,-ingrid 1 8 1,-outgrid 1 1 8,2322.5652096271515,52.99245357513428,polarisSlingshot11,8,64,4,2,4,True,-356.715
cufft,float-long,1024,1024,1024,-no-reorder,-p2p,-slabs,-r2c_dir 0,-ingrid 1 8 1,-outgrid 1 1 8,2329.6018867492676,50.10506272315979,polarisSlingshot11,8,64,4,5,4,True,-409.64
cufft,float-long,1024,1024,1024,-no-reorder,-a2av,-slabs,-r2c_dir 0,-ingrid 1 8 1,-outgrid 1 1 8,2343.3321781158447,53.09264779090881,polarisSlingshot11,8,64,4,3,4,True,-360.661
cufft,float-long,1024,1024,1024,-no-reorder,-a2a,-pencils,-r2c_dir 2,-ingrid 1 8 1,-outgrid 1 1 8,2364.5663797855377,53.47237038612366,polarisSlingshot11,8,64,4,4,4,True,-350.26
cufft,float-long,1024,1024,1024,-no-reorder,-a2a,-slabs,-r2c_dir 2,-ingrid 1 8 1,-outgrid 1 1 8,2377.609950065613,53.42959547042847,polarisSlingshot11,8,64,4,2,4,True,-349.619
cufft,float-long,1024,1024,1024,-reorder,-a2av,-pencils,-r2c_dir 0,-ingrid 1 8 1,-outgrid 1 1 8,2384.228988647461,52.962647438049316,polarisSlingshot11,8,64,4,5,4,True,-358.397
cufft,float-long,1024,1024,1024,-no-reorder,-a2av,-pencils,-r2c_dir 0,-ingrid 1 8 1,-outgrid 1 1 8,2398.0452251434326,53.04062581062317,polarisSlingshot11,8,64,4,3,4,True,-360.815
cufft,float-long,1024,1024,1024,-no-reorder,-a2a,-pencils,-r2c_dir 0,-ingrid 1 8 1,-outgrid 1 1 8,2419.2973268032074,53.11455178260803,polarisSlingshot11,8,64,4,4,4,True,-353.568
cufft,float-long,1024,1024,1024,-reorder,-a2av,-slabs,-r2c_dir 0,-ingrid 1 8 1,-outgrid 1 1 8,2432.2297291755676,53.00581383705139,polarisSlingshot11,8,64,4,2,4,True,-358.569
cufft,float-long,1024,1024,1024,-reorder,-a2a,-slabs,-r2c_dir 2,-ingrid 1 8 1,-outgrid 1 1 8,2439.5011389255524,53.599663496017456,polarisSlingshot11,8,64,4,5,4,True,-339.528
cufft,float-long,1024,1024,1024,-reorder,-a2a,-slabs,-r2c_dir 0,-ingrid 1 8 1,-outgrid 1 1 8,2453.1613581180573,53.44086503982544,polarisSlingshot11,8,64,4,3,4,True,-348.543
cufft,float-long,1024,1024,1024,-reorder,-p2p_pl,-pencils,-r2c_dir 0,-ingrid 1 8 1,-outgrid 4 1 2,2471.9022738933563,50.94431447982788,polarisSlingshot11,8,64,4,4,4,True,-406.374
cufft,float-long,1024,1024,1024,-no-reorder,-a2a,-pencils,-r2c_dir 0,-ingrid 1 8 1,-outgrid 4 1 2,2487.294605731964,53.465511322021484,polarisSlingshot11,8,64,4,2,4,True,-350.465
cufft,float-long,1024,1024,1024,-reorder,-a2a,-pencils,-r2c_dir 0,-ingrid 1 8 1,-outgrid 1 1 8,2494.2693133354187,53.119104623794556,polarisSlingshot11,8,64,4,5,4,True,-348.902
cufft,float-long,1024,1024,1024,-no-reorder,-p2p,-pencils,-r2c_dir 0,-ingrid 1 8 1,-outgrid 4 1 2,2505.280044078827,50.540950775146484,polarisSlingshot11,8,64,4,3,4,True,-407.79
cufft,float-long,1024,1024,1024,-no-reorder,-p2p_pl,-pencils,-r2c_dir 0,-ingrid 1 8 1,-outgrid 4 1 2,2524.435771226883,50.9263436794281,polarisSlingshot11,8,64,4,4,4,True,-407.504
cufft,float-long,1024,1024,1024,-reorder,-p2p_pl,-pencils,-r2c_dir 2,-ingrid 1 8 1,-outgrid 4 1 2,2540.009255170822,51.0387704372406,polarisSlingshot11,8,64,4,2,4,True,-404.626
cufft,float-long,1024,1024,1024,-reorder,-p2p,-slabs,-r2c_dir 0,-ingrid 1 8 1,-outgrid 4 1 2,2546.049402952194,50.173840284347534,polarisSlingshot11,8,64,4,5,4,True,-406.105
cufft,float-long,1024,1024,1024,-no-reorder,-p2p,-slabs,-r2c_dir 0,-ingrid 1 8 1,-outgrid 4 1 2,2557.4531378746033,50.51229381561279,polarisSlingshot11,8,64,4,3,4,True,-405.549
cufft,float-long,1024,1024,1024,-no-reorder,-p2p_pl,-pencils,-r2c_dir 2,-ingrid 1 8 1,-outgrid 4 1 2,2577.1439521312714,51.11222505569458,polarisSlingshot11,8,64,4,4,4,True,-406.843
cufft,float-long,1024,1024,1024,-no-reorder,-a2av,-pencils,-r2c_dir 0,-ingrid 1 8 1,-outgrid 4 1 2,2594.709265232086,53.09162425994873,polarisSlingshot11,8,64,4,2,4,True,-358.618
cufft,float-long,1024,1024,1024,-reorder,-p2p_pl,-slabs,-r2c_dir 0,-ingrid 1 8 1,-outgrid 4 1 2,2598.515986919403,50.87394714355469,polarisSlingshot11,8,64,4,5,4,True,-406.086
cufft,float-long,1024,1024,1024,-reorder,-p2p,-pencils,-r2c_dir 2,-ingrid 1 8 1,-outgrid 4 1 2,2610.9956917762756,51.926244020462036,polarisSlingshot11,8,64,4,3,4,True,-399.822
cufft,float-long,1024,1024,1024,-reorder,-p2p_pl,-slabs,-r2c_dir 2,-ingrid 1 8 1,-outgrid 4 1 2,2629.7344777584076,50.97766065597534,polarisSlingshot11,8,64,4,4,4,True,-404.593
cufft,float-long,1024,1024,1024,-no-reorder,-p2p_pl,-slabs,-r2c_dir 0,-ingrid 1 8 1,-outgrid 4 1 2,2647.359540462494,51.06345510482788,polarisSlingshot11,8,64,4,2,4,True,-405.676
cufft,float-long,1024,1024,1024,-reorder,-a2av,-pencils,-r2c_dir 0,-ingrid 1 8 1,-outgrid 4 1 2,2652.912210702896,52.796971797943115,polarisSlingshot11,8,64,4,5,4,True,-358.667
cufft,float-long,1024,1024,1024,-no-reorder,-a2av,-pencils,-r2c_dir 2,-ingrid 1 8 1,-outgrid 4 1 2,2665.5591621398926,52.96058654785156,polarisSlingshot11,8,64,4,3,4,True,-360.128
cufft,float-long,1024,1024,1024,-reorder,-p2p,-slabs,-r2c_dir 2,-ingrid 1 8 1,-outgrid 4 1 2,2682.1301486492157,50.742852449417114,polarisSlingshot11,8,64,4,4,4,True,-398.549
cufft,float-long,1024,1024,1024,-no-reorder,-a2a,-slabs,-r2c_dir 0,-ingrid 1 8 1,-outgrid 4 1 2,2702.366012096405,53.4020779132843,polarisSlingshot11,8,64,4,2,4,True,-349.684
cufft,float-long,1024,1024,1024,-reorder,-a2av,-slabs,-r2c_dir 0,-ingrid 1 8 1,-outgrid 4 1 2,2707.3443892002106,52.81553506851196,polarisSlingshot11,8,64,4,5,4,True,-358.843
cufft,float-long,1024,1024,1024,-no-reorder,-p2p,-pencils,-r2c_dir 2,-ingrid 1 8 1,-outgrid 4 1 2,2717.6039159297943,50.44474148750305,polarisSlingshot11,8,64,4,3,4,True,-407.288
cufft,float-long,1024,1024,1024,-reorder,-a2av,-slabs,-r2c_dir 2,-ingrid 1 8 1,-outgrid 4 1 2,2736.966326713562,53.16736102104187,polarisSlingshot11,8,64,4,4,4,True,-356.441
cufft,float-long,1024,1024,1024,-no-reorder,-p2p,-slabs,-r2c_dir 2,-ingrid 1 8 1,-outgrid 4 1 2,2754.3123190402985,50.35217761993408,polarisSlingshot11,8,64,4,2,4,True,-406.209
cufft,float-long,1024,1024,1024,-reorder,-a2a,-pencils,-r2c_dir 0,-ingrid 1 8 1,-outgrid 4 1 2,2772.7987146377563,53.58150839805603,polarisSlingshot11,8,64,4,3,4,True,-348.401
cufft,float-long,1024,1024,1024,-reorder,-p2p_pl,-pencils,-r2c_dir 0,-ingrid 1 8 1,-outgrid 4 2 1,2775.529331445694,66.51428532600403,polarisSlingshot11,8,64,4,5,4,True,-203.768
cufft,float-long,1024,1024,1024,-no-reorder,-a2av,-slabs,-r2c_dir 0,-ingrid 1 8 1,-outgrid 4 1 2,2791.7182762622833,53.0673189163208,polarisSlingshot11,8,64,4,4,4,True,-356.206
cufft,float-long,1024,1024,1024,-no-reorder,-a2a,-pencils,-r2c_dir 2,-ingrid 1 8 1,-outgrid 4 1 2,2810.241520881653,54.32335329055786,polarisSlingshot11,8,64,4,2,4,True,-353.716
cufft,float-long,1024,1024,1024,-no-reorder,-a2av,-slabs,-r2c_dir 2,-ingrid 1 8 1,-outgrid 4 1 2,2827.421249628067,53.004565954208374,polarisSlingshot11,8,64,4,3,4,True,-360.422
cufft,float-long,1024,1024,1024,-reorder,-a2av,-pencils,-r2c_dir 2,-ingrid 1 8 1,-outgrid 4 1 2,2830.2620096206665,53.072309494018555,polarisSlingshot11,8,64,4,5,4,True,-353.225
cufft,float-long,1024,1024,1024,-reorder,-a2a,-slabs,-r2c_dir 2,-ingrid 1 8 1,-outgrid 4 1 2,2847.1126911640167,53.740461111068726,polarisSlingshot11,8,64,4,4,4,True,-342.567
cufft,float-long,1024,1024,1024,-no-reorder,-a2a,-slabs,-r2c_dir 2,-ingrid 1 8 1,-outgrid 4 1 2,2865.411611557007,53.55881190299988,polarisSlingshot11,8,64,4,2,4,True,-353.232
cufft,float-long,1024,1024,1024,-reorder,-a2a,-slabs,-r2c_dir 0,-ingrid 1 8 1,-outgrid 4 1 2,2882.485912799835,53.45061492919922,polarisSlingshot11,8,64,4,3,4,True,-349.377
cufft,float-long,1024,1024,1024,-no-reorder,-a2a,-slabs,-r2c_dir 2,-ingrid 1 8 1,-outgrid 1 2 4,2919.7636234760284,70.96242213249207,polarisSlingshot11,8,64,4,4,4,True,-177.647
cufft,float-long,1024,1024,1024,-reorder,-a2a,-slabs,-r2c_dir 0,-ingrid 1 8 1,-outgrid 2 4 1,2921.2051870822906,89.25761580467224,polarisSlingshot11,8,64,4,5,4,True,-118.211
cufft,float-long,1024,1024,1024,-no-reorder,-a2a,-pencils,-r2c_dir 2,-ingrid 1 8 1,-outgrid 1 2 4,2938.4296300411224,71.3322217464447,polarisSlingshot11,8,64,4,2,4,True,-177.54
cufft,float-long,1024,1024,1024,-no-reorder,-p2p,-pencils,-r2c_dir 0,-ingrid 1 8 1,-outgrid 1 2 4,2986.924563884735,65.48661875724792,polarisSlingshot11,8,64,4,4,4,True,-205.396
cufft,float-long,1024,1024,1024,-reorder,-p2p,-slabs,-r2c_dir 0,-ingrid 1 8 1,-outgrid 1 4 2,2988.259037256241,65.15827178955078,polarisSlingshot11,8,64,4,5,4,True,-205.019
cufft,float-long,1024,1024,1024,-no-reorder,-p2p_pl,-slabs,-r2c_dir 0,-ingrid 1 8 1,-outgrid 2 4 1,3006.958579301834,66.90595746040344,polarisSlingshot11,8,64,4,2,4,True,-203.719
cufft,float-long,1024,1024,1024,-no-reorder,-a2a,-pencils,-r2c_dir 0,-ingrid 1 8 1,-outgrid 2 2 2,3008.0444865226746,123.91191124916077,polarisSlingshot11,8,64,4,3,4,True,-71.654
cufft,float-long,1024,1024,1024,-no-reorder,-p2p,-slabs,-r2c_dir 0,-ingrid 1 8 1,-outgrid 4 2 1,3054.106739759445,65.49435758590698,polarisSlingshot11,8,64,4,4,4,True,-205.431
cufft,float-long,1024,1024,1024,-reorder,-p2p_pl,-pencils,-r2c_dir 0,-ingrid 1 8 1,-outgrid 1 8 1,3056.7406997680664,66.51830315589905,polarisSlingshot11,8,64,4,5,4,True,-203.917
cufft,float-long,1024,1024,1024,-reorder,-p2p_pl,-slabs,-r2c_dir 2,-ingrid 1 8 1,-outgrid 2 2 2,3071.6880502700806,61.51217699050903,polarisSlingshot11,8,64,4,3,4,True,-250.98
cufft,float-long,1024,1024,1024,-reorder,-p2p_pl,-pencils,-r2c_dir 2,-ingrid 1 8 1,-outgrid 4 2 1,3075.1814861297607,66.60749554634094,polarisSlingshot11,8,64,4,2,4,True,-203.717
